{
"meta":{"launch_mode":"Train","name":"experiment","iteration_count":1000,"learn_metrics":[{"best_value":"Min","name":"Logloss"}],"test_sets":[],"test_metrics":[],"learn_sets":["learn"]},
"iterations":[
{"learn":[0.6447986697],"iteration":0,"passed_time":0.1695235282,"remaining_time":169.3540047},
{"learn":[0.6005418111],"iteration":1,"passed_time":0.3311170654,"remaining_time":165.2274156},
{"learn":[0.5600962742],"iteration":2,"passed_time":0.5168281566,"remaining_time":171.759224},
{"learn":[0.5231884207],"iteration":3,"passed_time":0.7204609646,"remaining_time":179.3947802},
{"learn":[0.4895340426],"iteration":4,"passed_time":0.8888449689,"remaining_time":176.8801488},
{"learn":[0.4588218372],"iteration":5,"passed_time":1.055572656,"remaining_time":174.8732034},
{"learn":[0.4308410045],"iteration":6,"passed_time":1.208531092,"remaining_time":171.4387678},
{"learn":[0.4053418722],"iteration":7,"passed_time":1.38698151,"remaining_time":171.9857073},
{"learn":[0.382108638],"iteration":8,"passed_time":1.543698735,"remaining_time":169.9783829},
{"learn":[0.3609046995],"iteration":9,"passed_time":1.726504019,"remaining_time":170.9238979},
{"learn":[0.3400233297],"iteration":10,"passed_time":1.903623379,"remaining_time":171.1530474},
{"learn":[0.3222319919],"iteration":11,"passed_time":2.079791789,"remaining_time":171.2361906},
{"learn":[0.3059374875],"iteration":12,"passed_time":2.248265564,"remaining_time":170.6952393},
{"learn":[0.2914926022],"iteration":13,"passed_time":2.404501522,"remaining_time":169.3456072},
{"learn":[0.2783321472],"iteration":14,"passed_time":2.575990587,"remaining_time":169.1567152},
{"learn":[0.2663370304],"iteration":15,"passed_time":2.742748097,"remaining_time":168.679008},
{"learn":[0.2553881299],"iteration":16,"passed_time":2.902284614,"remaining_time":167.8203397},
{"learn":[0.2453819019],"iteration":17,"passed_time":3.086772035,"remaining_time":168.4005633},
{"learn":[0.2362071441],"iteration":18,"passed_time":3.253720757,"remaining_time":167.9947402},
{"learn":[0.2278383342],"iteration":19,"passed_time":3.4327101,"remaining_time":168.2027949},
{"learn":[0.220181635],"iteration":20,"passed_time":3.594812953,"remaining_time":167.5867563},
{"learn":[0.213032841],"iteration":21,"passed_time":3.786179391,"remaining_time":168.3128839},
{"learn":[0.205726604],"iteration":22,"passed_time":3.945468504,"remaining_time":167.5966403},
{"learn":[0.1990446639],"iteration":23,"passed_time":4.149572421,"remaining_time":168.7492785},
{"learn":[0.1937182893],"iteration":24,"passed_time":4.336786734,"remaining_time":169.1346826},
{"learn":[0.1888625686],"iteration":25,"passed_time":4.530310367,"remaining_time":169.712396},
{"learn":[0.1844020634],"iteration":26,"passed_time":4.727298215,"remaining_time":170.3578208},
{"learn":[0.1792759024],"iteration":27,"passed_time":4.869454288,"remaining_time":169.0396274},
{"learn":[0.1755518416],"iteration":28,"passed_time":5.076374,"remaining_time":169.9710053},
{"learn":[0.1720880629],"iteration":29,"passed_time":5.284191637,"remaining_time":170.8555296},
{"learn":[0.1689343817],"iteration":30,"passed_time":5.471012203,"remaining_time":171.0132524},
{"learn":[0.1652604398],"iteration":31,"passed_time":5.737938624,"remaining_time":173.5726434},
{"learn":[0.1617505111],"iteration":32,"passed_time":5.987749178,"remaining_time":175.4591956},
{"learn":[0.1591903717],"iteration":33,"passed_time":6.22523182,"remaining_time":176.8698217},
{"learn":[0.1569338344],"iteration":34,"passed_time":6.427956592,"remaining_time":177.227946},
{"learn":[0.1542141576],"iteration":35,"passed_time":6.624876329,"remaining_time":177.3994661},
{"learn":[0.1522333253],"iteration":36,"passed_time":6.79809055,"remaining_time":176.9340865},
{"learn":[0.149951543],"iteration":37,"passed_time":6.991889112,"remaining_time":177.0051928},
{"learn":[0.1482494628],"iteration":38,"passed_time":7.201172861,"remaining_time":177.4442851},
{"learn":[0.1467612109],"iteration":39,"passed_time":7.3629733,"remaining_time":176.7113592},
{"learn":[0.145361581],"iteration":40,"passed_time":7.530575616,"remaining_time":176.1420004},
{"learn":[0.1440653989],"iteration":41,"passed_time":7.737284018,"remaining_time":176.483764},
{"learn":[0.1424432016],"iteration":42,"passed_time":7.927823242,"remaining_time":176.4401591},
{"learn":[0.1409001421],"iteration":43,"passed_time":8.108559671,"remaining_time":176.1768874},
{"learn":[0.1398387418],"iteration":44,"passed_time":8.263112735,"remaining_time":175.3616147},
{"learn":[0.138352175],"iteration":45,"passed_time":8.437020104,"remaining_time":174.9764604},
{"learn":[0.1371018372],"iteration":46,"passed_time":8.599194036,"remaining_time":174.3623812},
{"learn":[0.1358371067],"iteration":47,"passed_time":8.770410525,"remaining_time":173.9464754},
{"learn":[0.1350644668],"iteration":48,"passed_time":8.929876468,"remaining_time":173.3125004},
{"learn":[0.1342891407],"iteration":49,"passed_time":9.121035568,"remaining_time":173.2996758},
{"learn":[0.1336626999],"iteration":50,"passed_time":9.285465281,"remaining_time":172.7824814},
{"learn":[0.1327851037],"iteration":51,"passed_time":9.454960035,"remaining_time":172.3711945},
{"learn":[0.131993871],"iteration":52,"passed_time":9.614188452,"remaining_time":171.7855937},
{"learn":[0.1312203246],"iteration":53,"passed_time":9.780739001,"remaining_time":171.3440573},
{"learn":[0.13051356],"iteration":54,"passed_time":9.948892049,"remaining_time":170.9400543},
{"learn":[0.1297942681],"iteration":55,"passed_time":10.11540224,"remaining_time":170.5167806},
{"learn":[0.1289979163],"iteration":56,"passed_time":10.29457002,"remaining_time":170.3119216},
{"learn":[0.1283140816],"iteration":57,"passed_time":10.45218317,"remaining_time":169.7578715},
{"learn":[0.1277080672],"iteration":58,"passed_time":10.60074169,"remaining_time":169.0728462},
{"learn":[0.1274116184],"iteration":59,"passed_time":10.77101654,"remaining_time":168.7459258},
{"learn":[0.1269019251],"iteration":60,"passed_time":10.92729393,"remaining_time":168.2086722},
{"learn":[0.1262942393],"iteration":61,"passed_time":11.08123313,"remaining_time":167.6483334},
{"learn":[0.1258769987],"iteration":62,"passed_time":11.2643169,"remaining_time":167.534364},
{"learn":[0.1253904945],"iteration":63,"passed_time":11.43723562,"remaining_time":167.269571},
{"learn":[0.1249586903],"iteration":64,"passed_time":11.60859939,"remaining_time":166.9852374},
{"learn":[0.124533065],"iteration":65,"passed_time":11.78944656,"remaining_time":166.8385317},
{"learn":[0.1243137059],"iteration":66,"passed_time":11.97315907,"remaining_time":166.7307077},
{"learn":[0.1239488005],"iteration":67,"passed_time":12.14972769,"remaining_time":166.5227383},
{"learn":[0.1235643662],"iteration":68,"passed_time":12.31613079,"remaining_time":166.1785183},
{"learn":[0.1233419205],"iteration":69,"passed_time":12.49997085,"remaining_time":166.0710413},
{"learn":[0.1230246827],"iteration":70,"passed_time":12.68178508,"remaining_time":165.9349062},
{"learn":[0.1227415491],"iteration":71,"passed_time":12.84324622,"remaining_time":165.5351735},
{"learn":[0.1224400849],"iteration":72,"passed_time":13.01031548,"remaining_time":165.2131842},
{"learn":[0.1221747976],"iteration":73,"passed_time":13.21193178,"remaining_time":165.3276869},
{"learn":[0.1218969034],"iteration":74,"passed_time":13.39566835,"remaining_time":165.213243},
{"learn":[0.121635673],"iteration":75,"passed_time":13.56860193,"remaining_time":164.965634},
{"learn":[0.1214137357],"iteration":76,"passed_time":13.75432179,"remaining_time":164.8732339},
{"learn":[0.1211854352],"iteration":77,"passed_time":13.95902392,"remaining_time":165.0028212},
{"learn":[0.1209623479],"iteration":78,"passed_time":14.12730024,"remaining_time":164.699285},
{"learn":[0.1207728373],"iteration":79,"passed_time":14.31365546,"remaining_time":164.6070378},
{"learn":[0.1205708432],"iteration":80,"passed_time":14.49558034,"remaining_time":164.4622016},
{"learn":[0.1204534176],"iteration":81,"passed_time":14.68945242,"remaining_time":164.4502113},
{"learn":[0.1203016185],"iteration":82,"passed_time":14.91088695,"remaining_time":164.7383535},
{"learn":[0.1202129298],"iteration":83,"passed_time":15.07364998,"remaining_time":164.374564},
{"learn":[0.1200518575],"iteration":84,"passed_time":15.24720645,"remaining_time":164.131693},
{"learn":[0.1198918064],"iteration":85,"passed_time":15.41219104,"remaining_time":163.7993327},
{"learn":[0.1197981126],"iteration":86,"passed_time":15.57886335,"remaining_time":163.4885314},
{"learn":[0.1196987199],"iteration":87,"passed_time":15.75391274,"remaining_time":163.2678229},
{"learn":[0.1195517555],"iteration":88,"passed_time":15.93504142,"remaining_time":163.1103678},
{"learn":[0.1194387451],"iteration":89,"passed_time":16.11339606,"remaining_time":162.9243379},
{"learn":[0.1193432885],"iteration":90,"passed_time":16.31500681,"remaining_time":162.9707823},
{"learn":[0.1192440146],"iteration":91,"passed_time":16.46433007,"remaining_time":162.4957794},
{"learn":[0.1191369401],"iteration":92,"passed_time":16.62450674,"remaining_time":162.1336303},
{"learn":[0.1190058691],"iteration":93,"passed_time":16.79868329,"remaining_time":161.9107134},
{"learn":[0.1188948735],"iteration":94,"passed_time":16.97771725,"remaining_time":161.7350959},
{"learn":[0.1187971626],"iteration":95,"passed_time":17.1494156,"remaining_time":161.4903302},
{"learn":[0.1187290873],"iteration":96,"passed_time":17.31948156,"remaining_time":161.2318747},
{"learn":[0.1186405077],"iteration":97,"passed_time":17.4822865,"remaining_time":160.9083921},
{"learn":[0.1185379942],"iteration":98,"passed_time":17.65239521,"remaining_time":160.6546272},
{"learn":[0.1184352165],"iteration":99,"passed_time":17.83036805,"remaining_time":160.4733124},
{"learn":[0.1183179458],"iteration":100,"passed_time":18.00620716,"remaining_time":160.2730716},
{"learn":[0.1182173645],"iteration":101,"passed_time":18.18018924,"remaining_time":160.0569602},
{"learn":[0.1181659576],"iteration":102,"passed_time":18.34259282,"remaining_time":159.7408326},
{"learn":[0.1180978759],"iteration":103,"passed_time":18.52763515,"remaining_time":159.6227028},
{"learn":[0.1180434301],"iteration":104,"passed_time":18.71107391,"remaining_time":159.48963},
{"learn":[0.1179624919],"iteration":105,"passed_time":18.8687754,"remaining_time":159.1385397},
{"learn":[0.1178809088],"iteration":106,"passed_time":19.03357568,"remaining_time":158.8503092},
{"learn":[0.1178135588],"iteration":107,"passed_time":19.21882606,"remaining_time":158.7332671},
{"learn":[0.1177420071],"iteration":108,"passed_time":19.40020109,"remaining_time":158.5832952},
{"learn":[0.1176862286],"iteration":109,"passed_time":19.55547295,"remaining_time":158.2215539},
{"learn":[0.1176157466],"iteration":110,"passed_time":19.74044835,"remaining_time":158.1014287},
{"learn":[0.1175487814],"iteration":111,"passed_time":19.92028369,"remaining_time":157.9393921},
{"learn":[0.1174782569],"iteration":112,"passed_time":20.101476,"remaining_time":157.7876921},
{"learn":[0.1174206965],"iteration":113,"passed_time":20.25212952,"remaining_time":157.3981294},
{"learn":[0.1173590744],"iteration":114,"passed_time":20.42084895,"remaining_time":157.1517506},
{"learn":[0.117321637],"iteration":115,"passed_time":20.59231197,"remaining_time":156.9276188},
{"learn":[0.1172552665],"iteration":116,"passed_time":20.77054234,"remaining_time":156.7554606},
{"learn":[0.1172101589],"iteration":117,"passed_time":20.93861148,"remaining_time":156.5072485},
{"learn":[0.1171841178],"iteration":118,"passed_time":21.09793594,"remaining_time":156.1956434},
{"learn":[0.1171273888],"iteration":119,"passed_time":21.2565462,"remaining_time":155.8813388},
{"learn":[0.1170710667],"iteration":120,"passed_time":21.42020893,"remaining_time":155.6063112},
{"learn":[0.1170429247],"iteration":121,"passed_time":21.58146036,"remaining_time":155.3157557},
{"learn":[0.1169870783],"iteration":122,"passed_time":21.75470382,"remaining_time":155.1128069},
{"learn":[0.1169247754],"iteration":123,"passed_time":21.93268864,"remaining_time":154.9438326},
{"learn":[0.116888591],"iteration":124,"passed_time":22.11988314,"remaining_time":154.839182},
{"learn":[0.116857858],"iteration":125,"passed_time":22.29683968,"remaining_time":154.6622054},
{"learn":[0.1168046417],"iteration":126,"passed_time":22.4728285,"remaining_time":154.478577},
{"learn":[0.1167493442],"iteration":127,"passed_time":22.66301684,"remaining_time":154.3918023},
{"learn":[0.1167063609],"iteration":128,"passed_time":22.8296013,"remaining_time":154.1440522},
{"learn":[0.1166688094],"iteration":129,"passed_time":23.00199064,"remaining_time":153.9363989},
{"learn":[0.1166317776],"iteration":130,"passed_time":23.16732599,"remaining_time":153.6824907},
{"learn":[0.116579901],"iteration":131,"passed_time":23.35581125,"remaining_time":153.5821528},
{"learn":[0.1165552135],"iteration":132,"passed_time":23.52312421,"remaining_time":153.3424714},
{"learn":[0.1165127107],"iteration":133,"passed_time":23.70677486,"remaining_time":153.2094554},
{"learn":[0.116459284],"iteration":134,"passed_time":23.88305182,"remaining_time":153.0284431},
{"learn":[0.1164190778],"iteration":135,"passed_time":24.06075661,"remaining_time":152.8565714},
{"learn":[0.1163872421],"iteration":136,"passed_time":24.21240585,"remaining_time":152.5204835},
{"learn":[0.1163380691],"iteration":137,"passed_time":24.39027373,"remaining_time":152.3508402},
{"learn":[0.1162910913],"iteration":138,"passed_time":24.58837178,"remaining_time":152.3063892},
{"learn":[0.1162566736],"iteration":139,"passed_time":24.75479091,"remaining_time":152.0651441},
{"learn":[0.1162224776],"iteration":140,"passed_time":24.92875839,"remaining_time":151.8709465},
{"learn":[0.1162019884],"iteration":141,"passed_time":25.10202181,"remaining_time":151.6727796},
{"learn":[0.1161728776],"iteration":142,"passed_time":25.27021047,"remaining_time":151.444548},
{"learn":[0.1161444093],"iteration":143,"passed_time":25.42768788,"remaining_time":151.153478},
{"learn":[0.1161018046],"iteration":144,"passed_time":25.61909156,"remaining_time":151.0642985},
{"learn":[0.1160744649],"iteration":145,"passed_time":25.79664251,"remaining_time":150.8926898},
{"learn":[0.1160340999],"iteration":146,"passed_time":25.97900158,"remaining_time":150.7489003},
{"learn":[0.1160077718],"iteration":147,"passed_time":26.12912416,"remaining_time":150.419012},
{"learn":[0.1159812796],"iteration":148,"passed_time":26.2855859,"remaining_time":150.1277423},
{"learn":[0.1159469191],"iteration":149,"passed_time":26.45313695,"remaining_time":149.9011094},
{"learn":[0.1158996319],"iteration":150,"passed_time":26.63302165,"remaining_time":149.7446052},
{"learn":[0.1158759959],"iteration":151,"passed_time":26.80549842,"remaining_time":149.5464649},
{"learn":[0.1158572167],"iteration":152,"passed_time":26.97826008,"remaining_time":149.3502372},
{"learn":[0.115820184],"iteration":153,"passed_time":27.15293307,"remaining_time":149.1648141},
{"learn":[0.1157685605],"iteration":154,"passed_time":27.32790572,"remaining_time":148.9811635},
{"learn":[0.1157318983],"iteration":155,"passed_time":27.50741029,"remaining_time":148.8221428},
{"learn":[0.1157004022],"iteration":156,"passed_time":27.69979737,"remaining_time":148.732033},
{"learn":[0.1156717752],"iteration":157,"passed_time":27.85979997,"remaining_time":148.4680479},
{"learn":[0.1156372072],"iteration":158,"passed_time":28.03091996,"remaining_time":148.2641741},
{"learn":[0.1156159565],"iteration":159,"passed_time":28.20054797,"remaining_time":148.0528769},
{"learn":[0.1155845127],"iteration":160,"passed_time":28.38301254,"remaining_time":147.9089908},
{"learn":[0.1155673705],"iteration":161,"passed_time":28.54999913,"remaining_time":147.6845634},
{"learn":[0.1155488593],"iteration":162,"passed_time":28.71631525,"remaining_time":147.4573979},
{"learn":[0.1155101754],"iteration":163,"passed_time":28.90256074,"remaining_time":147.3325657},
{"learn":[0.1154771925],"iteration":164,"passed_time":29.14792299,"remaining_time":147.5061557},
{"learn":[0.1154314602],"iteration":165,"passed_time":29.30308118,"remaining_time":147.2215042},
{"learn":[0.1154016127],"iteration":166,"passed_time":29.48602606,"remaining_time":147.0770042},
{"learn":[0.1153743639],"iteration":167,"passed_time":29.66720345,"remaining_time":146.9232933},
{"learn":[0.1153638944],"iteration":168,"passed_time":29.83785337,"remaining_time":146.717492},
{"learn":[0.1153390986],"iteration":169,"passed_time":30.00433942,"remaining_time":146.4917748},
{"learn":[0.115310377],"iteration":170,"passed_time":30.1988759,"remaining_time":146.4027376},
{"learn":[0.115282553],"iteration":171,"passed_time":30.37567638,"remaining_time":146.2270933},
{"learn":[0.1152658072],"iteration":172,"passed_time":30.54364269,"remaining_time":146.0092052},
{"learn":[0.1152500864],"iteration":173,"passed_time":30.71949139,"remaining_time":145.8293097},
{"learn":[0.1152260729],"iteration":174,"passed_time":30.89060803,"remaining_time":145.6271521},
{"learn":[0.1152095403],"iteration":175,"passed_time":31.04503563,"remaining_time":145.3472123},
{"learn":[0.1151740859],"iteration":176,"passed_time":31.23134075,"remaining_time":145.2169121},
{"learn":[0.1151491731],"iteration":177,"passed_time":31.41809241,"remaining_time":145.0880447},
{"learn":[0.115124161],"iteration":178,"passed_time":31.59138857,"remaining_time":144.8968157},
{"learn":[0.1151005653],"iteration":179,"passed_time":31.75373747,"remaining_time":144.6559151},
{"learn":[0.1150830392],"iteration":180,"passed_time":31.9159174,"remaining_time":144.415118},
{"learn":[0.1150610834],"iteration":181,"passed_time":32.07999632,"remaining_time":144.1837197},
{"learn":[0.1150493409],"iteration":182,"passed_time":32.23683934,"remaining_time":143.9207527},
{"learn":[0.1150201397],"iteration":183,"passed_time":32.41543,"remaining_time":143.7553852},
{"learn":[0.114995829],"iteration":184,"passed_time":32.5985016,"remaining_time":143.6096152},
{"learn":[0.1149763642],"iteration":185,"passed_time":32.77664124,"remaining_time":143.4418601},
{"learn":[0.1149554464],"iteration":186,"passed_time":32.93530814,"remaining_time":143.1893343},
{"learn":[0.1149441427],"iteration":187,"passed_time":33.11018708,"remaining_time":143.0078293},
{"learn":[0.1149224723],"iteration":188,"passed_time":33.28665656,"remaining_time":142.8332194},
{"learn":[0.1149129227],"iteration":189,"passed_time":33.44357306,"remaining_time":142.5752325},
{"learn":[0.1148888326],"iteration":190,"passed_time":33.63492813,"remaining_time":142.464172},
{"learn":[0.1148638404],"iteration":191,"passed_time":33.79866594,"remaining_time":142.2360525},
{"learn":[0.1148442286],"iteration":192,"passed_time":33.96614481,"remaining_time":142.0242428},
{"learn":[0.1148223412],"iteration":193,"passed_time":34.12633625,"remaining_time":141.7826135},
{"learn":[0.1148070499],"iteration":194,"passed_time":34.30067395,"remaining_time":141.6002181},
{"learn":[0.1147840357],"iteration":195,"passed_time":34.45402407,"remaining_time":141.331813},
{"learn":[0.1147661085],"iteration":196,"passed_time":34.6463043,"remaining_time":141.2232607},
{"learn":[0.114742428],"iteration":197,"passed_time":34.81597812,"remaining_time":141.0222952},
{"learn":[0.114723403],"iteration":198,"passed_time":34.99124008,"remaining_time":140.8441372},
{"learn":[0.1146971484],"iteration":199,"passed_time":35.16414785,"remaining_time":140.6565914},
{"learn":[0.1146766912],"iteration":200,"passed_time":35.35637673,"remaining_time":140.5459951},
{"learn":[0.114654131],"iteration":201,"passed_time":35.51301056,"remaining_time":140.2939724},
{"learn":[0.1146246926],"iteration":202,"passed_time":35.67820074,"remaining_time":140.0764827},
{"learn":[0.1146063009],"iteration":203,"passed_time":35.84148842,"remaining_time":139.8520822},
{"learn":[0.1145691229],"iteration":204,"passed_time":36.01903227,"remaining_time":139.6835642},
{"learn":[0.1145482128],"iteration":205,"passed_time":36.20298983,"remaining_time":139.5396793},
{"learn":[0.1145284112],"iteration":206,"passed_time":36.37317184,"remaining_time":139.3426342},
{"learn":[0.1145057295],"iteration":207,"passed_time":36.53353413,"remaining_time":139.1084569},
{"learn":[0.1144725561],"iteration":208,"passed_time":36.70644064,"remaining_time":138.9224619},
{"learn":[0.1144468731],"iteration":209,"passed_time":36.86170873,"remaining_time":138.6702376},
{"learn":[0.1144331811],"iteration":210,"passed_time":37.04740856,"remaining_time":138.5327268},
{"learn":[0.1144103749],"iteration":211,"passed_time":37.22809231,"remaining_time":138.3761167},
{"learn":[0.1143919103],"iteration":212,"passed_time":37.39843046,"remaining_time":138.1810553},
{"learn":[0.1143736176],"iteration":213,"passed_time":37.57084281,"remaining_time":137.9938432},
{"learn":[0.1143551188],"iteration":214,"passed_time":37.73108028,"remaining_time":137.7623164},
{"learn":[0.1143265545],"iteration":215,"passed_time":37.90500346,"remaining_time":137.5811237},
{"learn":[0.1143068403],"iteration":216,"passed_time":38.07781035,"remaining_time":137.3959701},
{"learn":[0.1142942985],"iteration":217,"passed_time":38.25364899,"remaining_time":137.2218051},
{"learn":[0.1142749019],"iteration":218,"passed_time":38.43030378,"remaining_time":137.0505354},
{"learn":[0.1142554658],"iteration":219,"passed_time":38.6158202,"remaining_time":136.9106352},
{"learn":[0.114225859],"iteration":220,"passed_time":38.79034793,"remaining_time":136.7315884},
{"learn":[0.1142042637],"iteration":221,"passed_time":38.96335021,"remaining_time":136.5472363},
{"learn":[0.1141752323],"iteration":222,"passed_time":39.13580906,"remaining_time":136.3610926},
{"learn":[0.1141663385],"iteration":223,"passed_time":39.29120081,"remaining_time":136.1159457},
{"learn":[0.1141421387],"iteration":224,"passed_time":39.46846332,"remaining_time":135.9469292},
{"learn":[0.1141308503],"iteration":225,"passed_time":39.62803071,"remaining_time":135.7172379},
{"learn":[0.114097036],"iteration":226,"passed_time":39.81865991,"remaining_time":135.5939388},
{"learn":[0.1140759414],"iteration":227,"passed_time":39.96881115,"remaining_time":135.3329921},
{"learn":[0.1140581898],"iteration":228,"passed_time":40.1705028,"remaining_time":135.24654},
{"learn":[0.1140311801],"iteration":229,"passed_time":40.34282034,"remaining_time":135.0607464},
{"learn":[0.1140172268],"iteration":230,"passed_time":40.52636448,"remaining_time":134.9124428},
{"learn":[0.1140084784],"iteration":231,"passed_time":40.68483284,"remaining_time":134.680826},
{"learn":[0.1139903307],"iteration":232,"passed_time":40.87849626,"remaining_time":134.5656937},
{"learn":[0.1139698107],"iteration":233,"passed_time":41.06125524,"remaining_time":134.4141945},
{"learn":[0.1139541338],"iteration":234,"passed_time":41.24022252,"remaining_time":134.2500861},
{"learn":[0.1139254872],"iteration":235,"passed_time":41.41085561,"remaining_time":134.0588715},
{"learn":[0.1139120735],"iteration":236,"passed_time":41.59277746,"remaining_time":133.9041738},
{"learn":[0.1138859159],"iteration":237,"passed_time":41.75659115,"remaining_time":133.6912708},
{"learn":[0.1138580211],"iteration":238,"passed_time":41.91569342,"remaining_time":133.463777},
{"learn":[0.1138396773],"iteration":239,"passed_time":42.08704654,"remaining_time":133.2756474},
{"learn":[0.1138166911],"iteration":240,"passed_time":42.26818077,"remaining_time":133.1184614},
{"learn":[0.1137941902],"iteration":241,"passed_time":42.44304796,"remaining_time":132.9414478},
{"learn":[0.1137667801],"iteration":242,"passed_time":42.61258651,"remaining_time":132.7478518},
{"learn":[0.1137567736],"iteration":243,"passed_time":42.76939898,"remaining_time":132.5150231},
{"learn":[0.1137433259],"iteration":244,"passed_time":42.9482928,"remaining_time":132.3508615},
{"learn":[0.1137301982],"iteration":245,"passed_time":43.123221,"remaining_time":132.1744253},
{"learn":[0.1137161142],"iteration":246,"passed_time":43.30362077,"remaining_time":132.0146819},
{"learn":[0.1136975801],"iteration":247,"passed_time":43.46287711,"remaining_time":131.7906596},
{"learn":[0.1136788138],"iteration":248,"passed_time":43.63674005,"remaining_time":131.611212},
{"learn":[0.1136532432],"iteration":249,"passed_time":43.82419474,"remaining_time":131.4725842},
{"learn":[0.1136257539],"iteration":250,"passed_time":44.00212361,"remaining_time":131.3051418},
{"learn":[0.1136171367],"iteration":251,"passed_time":44.10711511,"remaining_time":130.9211195},
{"learn":[0.1136074506],"iteration":252,"passed_time":44.27438718,"remaining_time":130.7231906},
{"learn":[0.1135993969],"iteration":253,"passed_time":44.4468202,"remaining_time":130.5406609},
{"learn":[0.1135866966],"iteration":254,"passed_time":44.63000808,"remaining_time":130.3896315},
{"learn":[0.1135670144],"iteration":255,"passed_time":44.80042251,"remaining_time":130.2012279},
{"learn":[0.1135421027],"iteration":256,"passed_time":44.97432122,"remaining_time":130.0230376},
{"learn":[0.1135129816],"iteration":257,"passed_time":45.14547358,"remaining_time":129.8369822},
{"learn":[0.1134919214],"iteration":258,"passed_time":45.31675169,"remaining_time":129.6514015},
{"learn":[0.1134786488],"iteration":259,"passed_time":45.49402255,"remaining_time":129.4829873},
{"learn":[0.1134611651],"iteration":260,"passed_time":45.66566056,"remaining_time":129.2985561},
{"learn":[0.1134466593],"iteration":261,"passed_time":45.8306527,"remaining_time":129.0955026},
{"learn":[0.11343823],"iteration":262,"passed_time":46.01225622,"remaining_time":128.9392883},
{"learn":[0.1134201273],"iteration":263,"passed_time":46.17169212,"remaining_time":128.721081},
{"learn":[0.1134077406],"iteration":264,"passed_time":46.34602643,"remaining_time":128.5446393},
{"learn":[0.1133787546],"iteration":265,"passed_time":46.49690747,"remaining_time":128.3034966},
{"learn":[0.1133575193],"iteration":266,"passed_time":46.68578733,"remaining_time":128.1673487},
{"learn":[0.1133273474],"iteration":267,"passed_time":46.85450314,"remaining_time":127.9757325},
{"learn":[0.1133011513],"iteration":268,"passed_time":47.02951834,"remaining_time":127.8014049},
{"learn":[0.1132779292],"iteration":269,"passed_time":47.19928915,"remaining_time":127.6128929},
{"learn":[0.1132601432],"iteration":270,"passed_time":47.35866783,"remaining_time":127.396564},
{"learn":[0.1132404713],"iteration":271,"passed_time":47.52168546,"remaining_time":127.1903934},
{"learn":[0.1132207083],"iteration":272,"passed_time":47.70215512,"remaining_time":127.0310138},
{"learn":[0.1132020199],"iteration":273,"passed_time":47.88199026,"remaining_time":126.869799},
{"learn":[0.113177556],"iteration":274,"passed_time":48.06197293,"remaining_time":126.7088377},
{"learn":[0.1131631267],"iteration":275,"passed_time":48.23421562,"remaining_time":126.5274352},
{"learn":[0.1131514532],"iteration":276,"passed_time":48.39836386,"remaining_time":126.3249714},
{"learn":[0.1131317709],"iteration":277,"passed_time":48.56471521,"remaining_time":126.128505},
{"learn":[0.1131048384],"iteration":278,"passed_time":48.73478969,"remaining_time":125.9418759},
{"learn":[0.1130801804],"iteration":279,"passed_time":48.91742199,"remaining_time":125.7876565},
{"learn":[0.1130657152],"iteration":280,"passed_time":49.10629778,"remaining_time":125.6492103},
{"learn":[0.1130564318],"iteration":281,"passed_time":49.26340873,"remaining_time":125.42953},
{"learn":[0.1130386225],"iteration":282,"passed_time":49.44225502,"remaining_time":125.2653599},
{"learn":[0.1130252877],"iteration":283,"passed_time":49.61959596,"remaining_time":125.0972912},
{"learn":[0.1130160858],"iteration":284,"passed_time":49.79897192,"remaining_time":124.9342629},
{"learn":[0.1130020263],"iteration":285,"passed_time":49.9663965,"remaining_time":124.7412836},
{"learn":[0.1129876309],"iteration":286,"passed_time":50.15463734,"remaining_time":124.6001966},
{"learn":[0.1129608665],"iteration":287,"passed_time":50.32006948,"remaining_time":124.402394},
{"learn":[0.1129412548],"iteration":288,"passed_time":50.50391083,"remaining_time":124.2501059},
{"learn":[0.112923987],"iteration":289,"passed_time":50.66666897,"remaining_time":124.0459827},
{"learn":[0.1129072621],"iteration":290,"passed_time":50.82818157,"remaining_time":123.8391091},
{"learn":[0.1128895076],"iteration":291,"passed_time":50.99748317,"remaining_time":123.6514318},
{"learn":[0.1128740171],"iteration":292,"passed_time":51.15851485,"remaining_time":123.4439249},
{"learn":[0.1128606509],"iteration":293,"passed_time":51.32584326,"remaining_time":123.2518549},
{"learn":[0.1128413604],"iteration":294,"passed_time":51.50775975,"remaining_time":123.0948157},
{"learn":[0.1128242752],"iteration":295,"passed_time":51.68964275,"remaining_time":122.9375287},
{"learn":[0.1128095379],"iteration":296,"passed_time":51.8727891,"remaining_time":122.7830665},
{"learn":[0.1127899537],"iteration":297,"passed_time":52.02535191,"remaining_time":122.5563659},
{"learn":[0.1127842551],"iteration":298,"passed_time":52.19974682,"remaining_time":122.3813462},
{"learn":[0.1127645671],"iteration":299,"passed_time":52.37113504,"remaining_time":122.1993151},
{"learn":[0.112745437],"iteration":300,"passed_time":52.55378216,"remaining_time":122.0435008},
{"learn":[0.1127313375],"iteration":301,"passed_time":52.72218903,"remaining_time":121.8545958},
{"learn":[0.1127175385],"iteration":302,"passed_time":52.89938673,"remaining_time":121.686048},
{"learn":[0.1126893016],"iteration":303,"passed_time":53.07025579,"remaining_time":121.502954},
{"learn":[0.1126782505],"iteration":304,"passed_time":53.23557421,"remaining_time":121.3072921},
{"learn":[0.1126574507],"iteration":305,"passed_time":53.40330567,"remaining_time":121.1173011},
{"learn":[0.1126422529],"iteration":306,"passed_time":53.57336454,"remaining_time":120.9327089},
{"learn":[0.1126248246],"iteration":307,"passed_time":53.74891083,"remaining_time":120.7605399},
{"learn":[0.1126051899],"iteration":308,"passed_time":53.92176627,"remaining_time":120.5823317},
{"learn":[0.1125961544],"iteration":309,"passed_time":54.09126066,"remaining_time":120.396677},
{"learn":[0.1125860067],"iteration":310,"passed_time":54.25353954,"remaining_time":120.1951407},
{"learn":[0.1125760967],"iteration":311,"passed_time":54.40735884,"remaining_time":119.9752015},
{"learn":[0.1125572274],"iteration":312,"passed_time":54.58247889,"remaining_time":119.8024377},
{"learn":[0.112531422],"iteration":313,"passed_time":54.74994612,"remaining_time":119.6129396},
{"learn":[0.1125092789],"iteration":314,"passed_time":54.9280971,"remaining_time":119.4468143},
{"learn":[0.1124848385],"iteration":315,"passed_time":55.08929657,"remaining_time":119.2439204},
{"learn":[0.1124699538],"iteration":316,"passed_time":55.26477268,"remaining_time":119.0720497},
{"learn":[0.112456961],"iteration":317,"passed_time":55.41359869,"remaining_time":118.843001},
{"learn":[0.1124512581],"iteration":318,"passed_time":55.60091919,"remaining_time":118.6966331},
{"learn":[0.1124375308],"iteration":319,"passed_time":55.77791962,"remaining_time":118.5280792},
{"learn":[0.1124183761],"iteration":320,"passed_time":55.94446832,"remaining_time":118.3373645},
{"learn":[0.1123990082],"iteration":321,"passed_time":56.10812387,"remaining_time":118.140708},
{"learn":[0.1123848493],"iteration":322,"passed_time":56.29799403,"remaining_time":117.9992011},
{"learn":[0.1123641964],"iteration":323,"passed_time":56.47350652,"remaining_time":117.8274395},
{"learn":[0.1123414226],"iteration":324,"passed_time":56.68697304,"remaining_time":117.7344825},
{"learn":[0.1123034429],"iteration":325,"passed_time":56.84901366,"remaining_time":117.5344638},
{"learn":[0.112281971],"iteration":326,"passed_time":57.01512415,"remaining_time":117.3430537},
{"learn":[0.1122694911],"iteration":327,"passed_time":57.19572565,"remaining_time":117.1814867},
{"learn":[0.1122393097],"iteration":328,"passed_time":57.36589259,"remaining_time":116.9985226},
{"learn":[0.1122127331],"iteration":329,"passed_time":57.52199906,"remaining_time":116.787089},
{"learn":[0.112198408],"iteration":330,"passed_time":57.70285106,"remaining_time":116.6260041},
{"learn":[0.1121875992],"iteration":331,"passed_time":57.85037773,"remaining_time":116.397748},
{"learn":[0.1121765628],"iteration":332,"passed_time":58.03161725,"remaining_time":116.2375036},
{"learn":[0.1121490814],"iteration":333,"passed_time":58.21693867,"remaining_time":116.0852729},
{"learn":[0.112131986],"iteration":334,"passed_time":58.4511695,"remaining_time":116.0299335},
{"learn":[0.1121092065],"iteration":335,"passed_time":58.65369213,"remaining_time":115.9108678},
{"learn":[0.1120913125],"iteration":336,"passed_time":58.82770505,"remaining_time":115.7352179},
{"learn":[0.1120736198],"iteration":337,"passed_time":59.03890848,"remaining_time":115.6324184},
{"learn":[0.1120573727],"iteration":338,"passed_time":59.24635387,"remaining_time":115.5216516},
{"learn":[0.1120324794],"iteration":339,"passed_time":59.49945159,"remaining_time":115.4989354},
{"learn":[0.1120146956],"iteration":340,"passed_time":59.72434477,"remaining_time":115.4203613},
{"learn":[0.1120011815],"iteration":341,"passed_time":59.88998559,"remaining_time":115.2269313},
{"learn":[0.1119921476],"iteration":342,"passed_time":60.05842079,"remaining_time":115.0390159},
{"learn":[0.111977792],"iteration":343,"passed_time":60.21710243,"remaining_time":114.8326139},
{"learn":[0.1119579346],"iteration":344,"passed_time":60.38184623,"remaining_time":114.6379979},
{"learn":[0.1119341482],"iteration":345,"passed_time":60.54616672,"remaining_time":114.4427544},
{"learn":[0.1119180391],"iteration":346,"passed_time":60.73325382,"remaining_time":114.2905324},
{"learn":[0.1118931434],"iteration":347,"passed_time":60.90236993,"remaining_time":114.1044402},
{"learn":[0.111885291],"iteration":348,"passed_time":61.08110839,"remaining_time":113.9363942},
{"learn":[0.111863752],"iteration":349,"passed_time":61.25236954,"remaining_time":113.7544006},
{"learn":[0.1118445106],"iteration":350,"passed_time":61.42174658,"remaining_time":113.5689844},
{"learn":[0.1118290614],"iteration":351,"passed_time":61.60136003,"remaining_time":113.4025037},
{"learn":[0.1118118635],"iteration":352,"passed_time":61.77498236,"remaining_time":113.2249677},
{"learn":[0.11180261],"iteration":353,"passed_time":61.94660464,"remaining_time":113.0438039},
{"learn":[0.1117938382],"iteration":354,"passed_time":62.13408371,"remaining_time":112.8915042},
{"learn":[0.1117754975],"iteration":355,"passed_time":62.30174955,"remaining_time":112.7031649},
{"learn":[0.111763586],"iteration":356,"passed_time":62.48108729,"remaining_time":112.5359639},
{"learn":[0.1117493414],"iteration":357,"passed_time":62.63990997,"remaining_time":112.3319056},
{"learn":[0.1117350135],"iteration":358,"passed_time":62.82002277,"remaining_time":112.1661131},
{"learn":[0.1117237468],"iteration":359,"passed_time":63.01035222,"remaining_time":112.018404},
{"learn":[0.111712753],"iteration":360,"passed_time":63.18172496,"remaining_time":111.8369037},
{"learn":[0.1117000318],"iteration":361,"passed_time":63.3347213,"remaining_time":111.6230724},
{"learn":[0.1116942954],"iteration":362,"passed_time":63.5286835,"remaining_time":111.4814639},
{"learn":[0.1116741188],"iteration":363,"passed_time":63.67895434,"remaining_time":111.2632279},
{"learn":[0.1116680421],"iteration":364,"passed_time":63.845449,"remaining_time":111.0735893},
{"learn":[0.1116585892],"iteration":365,"passed_time":64.02191792,"remaining_time":110.9013551},
{"learn":[0.1116515566],"iteration":366,"passed_time":64.22376256,"remaining_time":110.7728657},
{"learn":[0.1116398202],"iteration":367,"passed_time":64.39473111,"remaining_time":110.5909513},
{"learn":[0.1116183758],"iteration":368,"passed_time":64.56871074,"remaining_time":110.4142452},
{"learn":[0.1116107771],"iteration":369,"passed_time":64.72760808,"remaining_time":110.2118732},
{"learn":[0.1116013672],"iteration":370,"passed_time":64.8938622,"remaining_time":110.0222084},
{"learn":[0.111588053],"iteration":371,"passed_time":65.04725648,"remaining_time":109.8109599},
{"learn":[0.111572776],"iteration":372,"passed_time":65.2165174,"remaining_time":109.6266928},
{"learn":[0.1115577604],"iteration":373,"passed_time":65.40941298,"remaining_time":109.4820656},
{"learn":[0.1115486025],"iteration":374,"passed_time":65.59311639,"remaining_time":109.3218607},
{"learn":[0.111529013],"iteration":375,"passed_time":65.76616717,"remaining_time":109.1438519},
{"learn":[0.1115141914],"iteration":376,"passed_time":65.92707202,"remaining_time":108.9457981},
{"learn":[0.1114975621],"iteration":377,"passed_time":66.10756835,"remaining_time":108.7801786},
{"learn":[0.111480503],"iteration":378,"passed_time":66.26538209,"remaining_time":108.5773147},
{"learn":[0.1114593134],"iteration":379,"passed_time":66.4660697,"remaining_time":108.44464},
{"learn":[0.1114405597],"iteration":380,"passed_time":66.64448334,"remaining_time":108.2754204},
{"learn":[0.1114269237],"iteration":381,"passed_time":66.81035669,"remaining_time":108.085865},
{"learn":[0.1114166305],"iteration":382,"passed_time":66.96030818,"remaining_time":107.8707837},
{"learn":[0.1114037975],"iteration":383,"passed_time":67.14218449,"remaining_time":107.7072543},
{"learn":[0.1113867216],"iteration":384,"passed_time":67.30274964,"remaining_time":107.5095871},
{"learn":[0.1113806818],"iteration":385,"passed_time":67.4736759,"remaining_time":107.3285933},
{"learn":[0.1113673168],"iteration":386,"passed_time":67.65280914,"remaining_time":107.1606512},
{"learn":[0.11135526],"iteration":387,"passed_time":67.84916073,"remaining_time":107.0198102},
{"learn":[0.1113402475],"iteration":388,"passed_time":67.9994212,"remaining_time":106.8062888},
{"learn":[0.1113177722],"iteration":389,"passed_time":68.16824707,"remaining_time":106.62213},
{"learn":[0.1113037362],"iteration":390,"passed_time":68.33933663,"remaining_time":106.4415755},
{"learn":[0.1112892468],"iteration":391,"passed_time":68.51210195,"remaining_time":106.2636683},
{"learn":[0.1112736287],"iteration":392,"passed_time":68.66214702,"remaining_time":106.0506953},
{"learn":[0.111263295],"iteration":393,"passed_time":68.85205888,"remaining_time":105.8993596},
{"learn":[0.1112521935],"iteration":394,"passed_time":69.0340784,"remaining_time":105.7357403},
{"learn":[0.1112303816],"iteration":395,"passed_time":69.21733887,"remaining_time":105.5739209},
{"learn":[0.1112161195],"iteration":396,"passed_time":69.38170276,"remaining_time":105.3832916},
{"learn":[0.1111870499],"iteration":397,"passed_time":69.54288783,"remaining_time":105.1879861},
{"learn":[0.1111708595],"iteration":398,"passed_time":69.71026187,"remaining_time":105.0021739},
{"learn":[0.1111523856],"iteration":399,"passed_time":69.89332913,"remaining_time":104.8399937},
{"learn":[0.1111363789],"iteration":400,"passed_time":70.06453643,"remaining_time":104.6599933},
{"learn":[0.1111251143],"iteration":401,"passed_time":70.23486622,"remaining_time":104.4787313},
{"learn":[0.1111166935],"iteration":402,"passed_time":70.41057806,"remaining_time":104.3054965},
{"learn":[0.1111072178],"iteration":403,"passed_time":70.5810638,"remaining_time":104.1245397},
{"learn":[0.1110993781],"iteration":404,"passed_time":70.74592943,"remaining_time":103.9353778},
{"learn":[0.1110923427],"iteration":405,"passed_time":70.9011741,"remaining_time":103.7322596},
{"learn":[0.1110773038],"iteration":406,"passed_time":71.05953955,"remaining_time":103.5339237},
{"learn":[0.1110634944],"iteration":407,"passed_time":71.2464936,"remaining_time":103.3772652},
{"learn":[0.111054927],"iteration":408,"passed_time":71.42570139,"remaining_time":103.2092653},
{"learn":[0.111040625],"iteration":409,"passed_time":71.60812417,"remaining_time":103.0458372},
{"learn":[0.111025321],"iteration":410,"passed_time":71.76783825,"remaining_time":102.8497731},
{"learn":[0.1110057766],"iteration":411,"passed_time":71.93963555,"remaining_time":102.6711303},
{"learn":[0.1109927798],"iteration":412,"passed_time":72.10378403,"remaining_time":102.4816495},
{"learn":[0.1109719224],"iteration":413,"passed_time":72.2798231,"remaining_time":102.3091216},
{"learn":[0.110954947],"iteration":414,"passed_time":72.43934702,"remaining_time":102.1132964},
{"learn":[0.1109345068],"iteration":415,"passed_time":72.6285686,"remaining_time":101.9593367},
{"learn":[0.1109180456],"iteration":416,"passed_time":72.79302995,"remaining_time":101.770591},
{"learn":[0.1108939163],"iteration":417,"passed_time":72.95336573,"remaining_time":101.5762174},
{"learn":[0.1108789324],"iteration":418,"passed_time":73.11453997,"remaining_time":101.3831688},
{"learn":[0.1108666272],"iteration":419,"passed_time":73.30693298,"remaining_time":101.2333836},
{"learn":[0.1108532402],"iteration":420,"passed_time":73.48254549,"remaining_time":101.0603179},
{"learn":[0.1108440044],"iteration":421,"passed_time":73.65394667,"remaining_time":100.881472},
{"learn":[0.1108262684],"iteration":422,"passed_time":73.8261197,"remaining_time":100.7037141},
{"learn":[0.1108117587],"iteration":423,"passed_time":74.00743872,"remaining_time":100.5384073},
{"learn":[0.1107925583],"iteration":424,"passed_time":74.16882866,"remaining_time":100.3460623},
{"learn":[0.1107783971],"iteration":425,"passed_time":74.34004486,"remaining_time":100.1671027},
{"learn":[0.1107503667],"iteration":426,"passed_time":74.51247937,"remaining_time":99.98981423},
{"learn":[0.1107345426],"iteration":427,"passed_time":74.69438052,"remaining_time":99.82520013},
{"learn":[0.1107176042],"iteration":428,"passed_time":74.86522803,"remaining_time":99.64579302},
{"learn":[0.1106996117],"iteration":429,"passed_time":75.0434369,"remaining_time":99.47618379},
{"learn":[0.1106798867],"iteration":430,"passed_time":75.22317678,"remaining_time":99.30855589},
{"learn":[0.1106687383],"iteration":431,"passed_time":75.40289983,"remaining_time":99.14084978},
{"learn":[0.1106572795],"iteration":432,"passed_time":75.5551048,"remaining_time":98.93705409},
{"learn":[0.1106502762],"iteration":433,"passed_time":75.73422734,"remaining_time":98.76860063},
{"learn":[0.110642752],"iteration":434,"passed_time":75.89202371,"remaining_time":98.57239861},
{"learn":[0.1106309464],"iteration":435,"passed_time":76.05875883,"remaining_time":98.38793574},
{"learn":[0.1106206216],"iteration":436,"passed_time":76.2384972,"remaining_time":98.22030646},
{"learn":[0.1106098346],"iteration":437,"passed_time":76.40737201,"remaining_time":98.03868281},
{"learn":[0.1105942969],"iteration":438,"passed_time":76.58766421,"remaining_time":97.87170757},
{"learn":[0.1105807037],"iteration":439,"passed_time":76.75760327,"remaining_time":97.69149507},
{"learn":[0.1105707924],"iteration":440,"passed_time":76.92393065,"remaining_time":97.5067511},
{"learn":[0.1105623928],"iteration":441,"passed_time":77.10877386,"remaining_time":97.34546565},
{"learn":[0.1105491204],"iteration":442,"passed_time":77.28386108,"remaining_time":97.17180728},
{"learn":[0.1105286953],"iteration":443,"passed_time":77.46319096,"remaining_time":97.00345534},
{"learn":[0.1105149515],"iteration":444,"passed_time":77.62815172,"remaining_time":96.81713305},
{"learn":[0.1105041454],"iteration":445,"passed_time":77.79555485,"remaining_time":96.63394033},
{"learn":[0.1104905499],"iteration":446,"passed_time":77.94680822,"remaining_time":96.4308388},
{"learn":[0.1104823301],"iteration":447,"passed_time":78.13164764,"remaining_time":96.26935156},
{"learn":[0.1104636529],"iteration":448,"passed_time":78.29300659,"remaining_time":96.07894573},
{"learn":[0.110447108],"iteration":449,"passed_time":78.47146071,"remaining_time":95.90956309},
{"learn":[0.1104388418],"iteration":450,"passed_time":78.64272772,"remaining_time":95.73139139},
{"learn":[0.1104120003],"iteration":451,"passed_time":78.81345196,"remaining_time":95.5525922},
{"learn":[0.1103993741],"iteration":452,"passed_time":78.98495772,"remaining_time":95.37477235},
{"learn":[0.1103769463],"iteration":453,"passed_time":79.15556694,"remaining_time":95.19590209},
{"learn":[0.1103653763],"iteration":454,"passed_time":79.31310354,"remaining_time":95.00140974},
{"learn":[0.1103593841],"iteration":455,"passed_time":79.47783813,"remaining_time":94.81566655},
{"learn":[0.1103501085],"iteration":456,"passed_time":79.64948764,"remaining_time":94.63823148},
{"learn":[0.1103415275],"iteration":457,"passed_time":79.84508545,"remaining_time":94.48916226},
{"learn":[0.1103276216],"iteration":458,"passed_time":80.00522117,"remaining_time":94.29809293},
{"learn":[0.1103122522],"iteration":459,"passed_time":80.17639104,"remaining_time":94.12011122},
{"learn":[0.1103078245],"iteration":460,"passed_time":80.33008725,"remaining_time":93.92172891},
{"learn":[0.1102940737],"iteration":461,"passed_time":80.49899956,"remaining_time":93.74125922},
{"learn":[0.1102798695],"iteration":462,"passed_time":80.67391368,"remaining_time":93.56780054},
{"learn":[0.1102660963],"iteration":463,"passed_time":80.85420278,"remaining_time":93.40054459},
{"learn":[0.1102547566],"iteration":464,"passed_time":81.02827659,"remaining_time":93.22608167},
{"learn":[0.1102390186],"iteration":465,"passed_time":81.22116005,"remaining_time":93.07317482},
{"learn":[0.1102320796],"iteration":466,"passed_time":81.3876045,"remaining_time":92.8899212},
{"learn":[0.1102181766],"iteration":467,"passed_time":81.55826737,"remaining_time":92.7115347},
{"learn":[0.1101977746],"iteration":468,"passed_time":81.70867368,"remaining_time":92.51024675},
{"learn":[0.11018201],"iteration":469,"passed_time":81.89215077,"remaining_time":92.34646789},
{"learn":[0.1101695036],"iteration":470,"passed_time":82.04610602,"remaining_time":92.14944816},
{"learn":[0.1101552243],"iteration":471,"passed_time":82.2170102,"remaining_time":91.97157074},
{"learn":[0.1101485135],"iteration":472,"passed_time":82.39243248,"remaining_time":91.79875669},
{"learn":[0.1101399797],"iteration":473,"passed_time":82.5650805,"remaining_time":91.62285304},
{"learn":[0.1101231629],"iteration":474,"passed_time":82.71620592,"remaining_time":91.42317496},
{"learn":[0.1101096604],"iteration":475,"passed_time":82.89949745,"remaining_time":91.25911063},
{"learn":[0.1100981185],"iteration":476,"passed_time":83.0699494,"remaining_time":91.08088792},
{"learn":[0.1100874372],"iteration":477,"passed_time":83.23671809,"remaining_time":90.89867541},
{"learn":[0.1100712732],"iteration":478,"passed_time":83.41085103,"remaining_time":90.72453734},
{"learn":[0.1100634982],"iteration":479,"passed_time":83.59016372,"remaining_time":90.5560107},
{"learn":[0.1100490578],"iteration":480,"passed_time":83.76905868,"remaining_time":90.38698847},
{"learn":[0.110030188],"iteration":481,"passed_time":83.93986489,"remaining_time":90.2092324},
{"learn":[0.1100041742],"iteration":482,"passed_time":84.1056783,"remaining_time":90.02616083},
{"learn":[0.1099910841],"iteration":483,"passed_time":84.29079039,"remaining_time":89.86373521},
{"learn":[0.1099800339],"iteration":484,"passed_time":84.46311306,"remaining_time":89.68763551},
{"learn":[0.1099619735],"iteration":485,"passed_time":84.6500217,"remaining_time":89.52697768},
{"learn":[0.1099451404],"iteration":486,"passed_time":84.8244176,"remaining_time":89.35303127},
{"learn":[0.1099309737],"iteration":487,"passed_time":85.0130169,"remaining_time":89.19398494},
{"learn":[0.1099170188],"iteration":488,"passed_time":85.16440874,"remaining_time":88.99593633},
{"learn":[0.1099087563],"iteration":489,"passed_time":85.33038239,"remaining_time":88.81325514},
{"learn":[0.109897262],"iteration":490,"passed_time":85.49230226,"remaining_time":88.62643961},
{"learn":[0.1098902933],"iteration":491,"passed_time":85.66707986,"remaining_time":88.45300115},
{"learn":[0.1098865817],"iteration":492,"passed_time":85.8588953,"remaining_time":88.29707894},
{"learn":[0.1098699411],"iteration":493,"passed_time":86.03799252,"remaining_time":88.12798425},
{"learn":[0.1098595753],"iteration":494,"passed_time":86.18737364,"remaining_time":87.9285327},
{"learn":[0.1098429595],"iteration":495,"passed_time":86.35726239,"remaining_time":87.75012147},
{"learn":[0.1098326602],"iteration":496,"passed_time":86.51484697,"remaining_time":87.5592918},
{"learn":[0.109823993],"iteration":497,"passed_time":86.68166274,"remaining_time":87.377901},
{"learn":[0.1098092707],"iteration":498,"passed_time":86.84576017,"remaining_time":87.19383937},
{"learn":[0.1097979391],"iteration":499,"passed_time":87.0300467,"remaining_time":87.0300467},
{"learn":[0.1097774315],"iteration":500,"passed_time":87.20435805,"remaining_time":86.85623686},
{"learn":[0.1097635196],"iteration":501,"passed_time":87.38273351,"remaining_time":86.68645675},
{"learn":[0.1097521],"iteration":502,"passed_time":87.54903229,"remaining_time":86.50470984},
{"learn":[0.1097397834],"iteration":503,"passed_time":87.73504079,"remaining_time":86.3424211},
{"learn":[0.1097295313],"iteration":504,"passed_time":87.91456293,"remaining_time":86.1736805},
{"learn":[0.1097160739],"iteration":505,"passed_time":88.09805012,"remaining_time":86.0087683},
{"learn":[0.1097061457],"iteration":506,"passed_time":88.31091607,"remaining_time":85.87235034},
{"learn":[0.1096816994],"iteration":507,"passed_time":88.48069009,"remaining_time":85.6938967},
{"learn":[0.1096681106],"iteration":508,"passed_time":88.64716796,"remaining_time":85.51229758},
{"learn":[0.1096459163],"iteration":509,"passed_time":88.84193566,"remaining_time":85.35793818},
{"learn":[0.109635551],"iteration":510,"passed_time":89.00333905,"remaining_time":85.17149275},
{"learn":[0.1096221569],"iteration":511,"passed_time":89.16799056,"remaining_time":84.988241},
{"learn":[0.1096122001],"iteration":512,"passed_time":89.36654549,"remaining_time":84.83724689},
{"learn":[0.1096031659],"iteration":513,"passed_time":89.54496053,"remaining_time":84.66702493},
{"learn":[0.1095876867],"iteration":514,"passed_time":89.72684101,"remaining_time":84.50003474},
{"learn":[0.1095789525],"iteration":515,"passed_time":89.90561425,"remaining_time":84.33007228},
{"learn":[0.1095660744],"iteration":516,"passed_time":90.07808738,"remaining_time":84.15418995},
{"learn":[0.1095515018],"iteration":517,"passed_time":90.25015246,"remaining_time":83.97794109},
{"learn":[0.1095375155],"iteration":518,"passed_time":90.43332744,"remaining_time":83.81200482},
{"learn":[0.1095292895],"iteration":519,"passed_time":90.60615297,"remaining_time":83.6364489},
{"learn":[0.1095143435],"iteration":520,"passed_time":90.78838912,"remaining_time":83.46955545},
{"learn":[0.1095005918],"iteration":521,"passed_time":90.94761413,"remaining_time":83.28153171},
{"learn":[0.1094925554],"iteration":522,"passed_time":91.10326624,"remaining_time":83.09035946},
{"learn":[0.1094736512],"iteration":523,"passed_time":91.27646312,"remaining_time":82.91526039},
{"learn":[0.1094590576],"iteration":524,"passed_time":91.45746727,"remaining_time":82.7472323},
{"learn":[0.1094484075],"iteration":525,"passed_time":91.64107563,"remaining_time":82.58150162},
{"learn":[0.1094401104],"iteration":526,"passed_time":91.80968687,"remaining_time":82.40224268},
{"learn":[0.1094142693],"iteration":527,"passed_time":91.98334489,"remaining_time":82.22753559},
{"learn":[0.1094021297],"iteration":528,"passed_time":92.15144878,"remaining_time":82.04788729},
{"learn":[0.1093908738],"iteration":529,"passed_time":92.31297549,"remaining_time":81.86244996},
{"learn":[0.109377737],"iteration":530,"passed_time":92.49265406,"remaining_time":81.69313513},
{"learn":[0.1093659696],"iteration":531,"passed_time":92.67806065,"remaining_time":81.52882027},
{"learn":[0.1093481613],"iteration":532,"passed_time":92.84947259,"remaining_time":81.35216454},
{"learn":[0.1093323816],"iteration":533,"passed_time":93.01657441,"remaining_time":81.17176718},
{"learn":[0.1093144416],"iteration":534,"passed_time":93.1999636,"remaining_time":81.00557584},
{"learn":[0.1092992502],"iteration":535,"passed_time":93.36338766,"remaining_time":80.82203708},
{"learn":[0.1092888099],"iteration":536,"passed_time":93.53442006,"remaining_time":80.64513312},
{"learn":[0.10927785],"iteration":537,"passed_time":93.70844311,"remaining_time":80.47081917},
{"learn":[0.1092573659],"iteration":538,"passed_time":93.88337396,"remaining_time":80.29728274},
{"learn":[0.1092414988],"iteration":539,"passed_time":94.06889784,"remaining_time":80.13276483},
{"learn":[0.1092290648],"iteration":540,"passed_time":94.23340382,"remaining_time":79.95033707},
{"learn":[0.1092134216],"iteration":541,"passed_time":94.38344539,"remaining_time":79.75575275},
{"learn":[0.1092010812],"iteration":542,"passed_time":94.56666332,"remaining_time":79.5892544},
{"learn":[0.1091910236],"iteration":543,"passed_time":94.72844356,"remaining_time":79.40472475},
{"learn":[0.1091794628],"iteration":544,"passed_time":94.90728022,"remaining_time":79.23451835},
{"learn":[0.1091722594],"iteration":545,"passed_time":95.08426326,"remaining_time":79.06273905},
{"learn":[0.1091575951],"iteration":546,"passed_time":95.27287287,"remaining_time":78.9005693},
{"learn":[0.1091482941],"iteration":547,"passed_time":95.44072217,"remaining_time":78.7211796},
{"learn":[0.1091409511],"iteration":548,"passed_time":95.6201597,"remaining_time":78.55135159},
{"learn":[0.1091325095],"iteration":549,"passed_time":95.78475641,"remaining_time":78.36934615},
{"learn":[0.1091166136],"iteration":550,"passed_time":95.94914181,"remaining_time":78.18723171},
{"learn":[0.1091001815],"iteration":551,"passed_time":96.12429569,"remaining_time":78.01392114},
{"learn":[0.1090930034],"iteration":552,"passed_time":96.28589145,"remaining_time":77.82964463},
{"learn":[0.109084753],"iteration":553,"passed_time":96.46786053,"remaining_time":77.66185161},
{"learn":[0.1090756362],"iteration":554,"passed_time":96.62826891,"remaining_time":77.47672012},
{"learn":[0.1090681426],"iteration":555,"passed_time":96.7984069,"remaining_time":77.29944723},
{"learn":[0.109054576],"iteration":556,"passed_time":96.97359933,"remaining_time":77.12621994},
{"learn":[0.1090395262],"iteration":557,"passed_time":97.14142744,"remaining_time":76.9471522},
{"learn":[0.1090286656],"iteration":558,"passed_time":97.32250783,"remaining_time":76.77857953},
{"learn":[0.1090136003],"iteration":559,"passed_time":97.50224779,"remaining_time":76.60890898},
{"learn":[0.1090008343],"iteration":560,"passed_time":97.68061009,"remaining_time":76.43812447},
{"learn":[0.10899294],"iteration":561,"passed_time":97.85682153,"remaining_time":76.26563671},
{"learn":[0.1089758357],"iteration":562,"passed_time":98.00675377,"remaining_time":76.07273783},
{"learn":[0.1089635259],"iteration":563,"passed_time":98.1646441,"remaining_time":75.88614331},
{"learn":[0.1089562652],"iteration":564,"passed_time":98.34761006,"remaining_time":75.71895641},
{"learn":[0.1089461907],"iteration":565,"passed_time":98.51852779,"remaining_time":75.54247538},
{"learn":[0.1089338467],"iteration":566,"passed_time":98.6965004,"remaining_time":75.37140154},
{"learn":[0.1089170958],"iteration":567,"passed_time":98.87851907,"remaining_time":75.2033807},
{"learn":[0.108907704],"iteration":568,"passed_time":99.04909753,"remaining_time":75.02664505},
{"learn":[0.1089003718],"iteration":569,"passed_time":99.21690431,"remaining_time":74.84784009},
{"learn":[0.1088943998],"iteration":570,"passed_time":99.40114647,"remaining_time":74.68142178},
{"learn":[0.1088817399],"iteration":571,"passed_time":99.56543429,"remaining_time":74.50001028},
{"learn":[0.1088721924],"iteration":572,"passed_time":99.74043554,"remaining_time":74.32664219},
{"learn":[0.1088571025],"iteration":573,"passed_time":99.92799095,"remaining_time":74.16258562},
{"learn":[0.1088317489],"iteration":574,"passed_time":100.0986566,"remaining_time":73.98596359},
{"learn":[0.1088248671],"iteration":575,"passed_time":100.268569,"remaining_time":73.8088077},
{"learn":[0.1088141998],"iteration":576,"passed_time":100.4278369,"remaining_time":73.6238735},
{"learn":[0.1087963342],"iteration":577,"passed_time":100.6126361,"remaining_time":73.45766856},
{"learn":[0.1087849106],"iteration":578,"passed_time":100.7758265,"remaining_time":73.27568731},
{"learn":[0.1087686467],"iteration":579,"passed_time":100.9541424,"remaining_time":73.10472378},
{"learn":[0.1087573212],"iteration":580,"passed_time":101.133424,"remaining_time":72.93443142},
{"learn":[0.1087440825],"iteration":581,"passed_time":101.290836,"remaining_time":72.74840111},
{"learn":[0.1087354272],"iteration":582,"passed_time":101.4552944,"remaining_time":72.56750902},
{"learn":[0.108724132],"iteration":583,"passed_time":101.6361174,"remaining_time":72.39833019},
{"learn":[0.1087114383],"iteration":584,"passed_time":101.8110333,"remaining_time":72.22492109},
{"learn":[0.1086955768],"iteration":585,"passed_time":101.9978767,"remaining_time":72.05993336},
{"learn":[0.1086822603],"iteration":586,"passed_time":102.1711644,"remaining_time":71.8853337},
{"learn":[0.1086659049],"iteration":587,"passed_time":102.3385372,"remaining_time":71.70659412},
{"learn":[0.1086481473],"iteration":588,"passed_time":102.5052197,"remaining_time":71.52741135},
{"learn":[0.1086403374],"iteration":589,"passed_time":102.6616238,"remaining_time":71.34112843},
{"learn":[0.1086320171],"iteration":590,"passed_time":102.8441821,"remaining_time":71.1730465},
{"learn":[0.1086135719],"iteration":591,"passed_time":103.023372,"remaining_time":71.00259419},
{"learn":[0.1086049806],"iteration":592,"passed_time":103.1937633,"remaining_time":70.82607366},
{"learn":[0.1085902339],"iteration":593,"passed_time":103.3756007,"remaining_time":70.65739709},
{"learn":[0.1085766369],"iteration":594,"passed_time":103.5358825,"remaining_time":70.47400404},
{"learn":[0.1085644481],"iteration":595,"passed_time":103.7026063,"remaining_time":70.29505525},
{"learn":[0.1085487013],"iteration":596,"passed_time":103.8738989,"remaining_time":70.1192316},
{"learn":[0.1085418915],"iteration":597,"passed_time":104.0401433,"remaining_time":69.94002942},
{"learn":[0.1085345743],"iteration":598,"passed_time":104.1942637,"remaining_time":69.75275414},
{"learn":[0.1085187651],"iteration":599,"passed_time":104.3999148,"remaining_time":69.59994317},
{"learn":[0.1085125869],"iteration":600,"passed_time":104.566459,"remaining_time":69.42099355},
{"learn":[0.1084969028],"iteration":601,"passed_time":104.7311399,"remaining_time":69.24085326},
{"learn":[0.1084833553],"iteration":602,"passed_time":104.8933416,"remaining_time":69.05913203},
{"learn":[0.1084679521],"iteration":603,"passed_time":105.1130706,"remaining_time":68.915192},
{"learn":[0.1084627649],"iteration":604,"passed_time":105.2922018,"remaining_time":68.74449542},
{"learn":[0.1084473818],"iteration":605,"passed_time":105.4903297,"remaining_time":68.58612198},
{"learn":[0.1084351372],"iteration":606,"passed_time":105.6576037,"remaining_time":68.40764127},
{"learn":[0.1084232006],"iteration":607,"passed_time":105.8249557,"remaining_time":68.22924775},
{"learn":[0.1084057718],"iteration":608,"passed_time":105.9869618,"remaining_time":68.04745823},
{"learn":[0.1083918534],"iteration":609,"passed_time":106.1753328,"remaining_time":67.88258982},
{"learn":[0.1083824896],"iteration":610,"passed_time":106.3410259,"remaining_time":67.70320637},
{"learn":[0.108372202],"iteration":611,"passed_time":106.5159077,"remaining_time":67.52969314},
{"learn":[0.1083545318],"iteration":612,"passed_time":106.6984689,"remaining_time":67.36102359},
{"learn":[0.1083436355],"iteration":613,"passed_time":106.882997,"remaining_time":67.19354536},
{"learn":[0.1083324675],"iteration":614,"passed_time":107.0464456,"remaining_time":67.01281552},
{"learn":[0.1083232266],"iteration":615,"passed_time":107.2159911,"remaining_time":66.83594253},
{"learn":[0.1083070684],"iteration":616,"passed_time":107.3808045,"remaining_time":66.65615579},
{"learn":[0.1082998816],"iteration":617,"passed_time":107.5606815,"remaining_time":66.48572867},
{"learn":[0.1082830273],"iteration":618,"passed_time":107.7337714,"remaining_time":66.31109355},
{"learn":[0.1082704101],"iteration":619,"passed_time":107.912104,"remaining_time":66.13967665},
{"learn":[0.1082653488],"iteration":620,"passed_time":108.0784786,"remaining_time":65.96093942},
{"learn":[0.108255941],"iteration":621,"passed_time":108.2658223,"remaining_time":65.79498528},
{"learn":[0.1082417359],"iteration":622,"passed_time":108.4242014,"remaining_time":65.61143485},
{"learn":[0.1082246959],"iteration":623,"passed_time":108.5942117,"remaining_time":65.43497373},
{"learn":[0.1082199616],"iteration":624,"passed_time":108.7598384,"remaining_time":65.25590303},
{"learn":[0.1082126173],"iteration":625,"passed_time":108.9386133,"remaining_time":65.08473065},
{"learn":[0.1081981936],"iteration":626,"passed_time":109.1126621,"remaining_time":64.91072244},
{"learn":[0.1081886496],"iteration":627,"passed_time":109.2783149,"remaining_time":64.73174068},
{"learn":[0.1081779647],"iteration":628,"passed_time":109.456091,"remaining_time":64.55995195},
{"learn":[0.1081695643],"iteration":629,"passed_time":109.6283398,"remaining_time":64.38489798},
{"learn":[0.1081625762],"iteration":630,"passed_time":109.79596,"remaining_time":64.2071462},
{"learn":[0.1081514263],"iteration":631,"passed_time":109.9604515,"remaining_time":64.02760466},
{"learn":[0.1081347285],"iteration":632,"passed_time":110.1302492,"remaining_time":63.85118712},
{"learn":[0.1081229518],"iteration":633,"passed_time":110.3231055,"remaining_time":63.68810191},
{"learn":[0.1081123295],"iteration":634,"passed_time":110.4818338,"remaining_time":63.50530606},
{"learn":[0.1080953251],"iteration":635,"passed_time":110.6695798,"remaining_time":63.33919345},
{"learn":[0.1080835966],"iteration":636,"passed_time":110.8192484,"remaining_time":63.15131422},
{"learn":[0.1080709292],"iteration":637,"passed_time":110.9860034,"remaining_time":62.97324956},
{"learn":[0.1080594279],"iteration":638,"passed_time":111.1623746,"remaining_time":62.80065294},
{"learn":[0.1080502191],"iteration":639,"passed_time":111.3381338,"remaining_time":62.62770027},
{"learn":[0.1080381469],"iteration":640,"passed_time":111.521198,"remaining_time":62.45883008},
{"learn":[0.108026025],"iteration":641,"passed_time":111.6912632,"remaining_time":62.282667},
{"learn":[0.1080161271],"iteration":642,"passed_time":111.8516749,"remaining_time":62.10116322},
{"learn":[0.1079953839],"iteration":643,"passed_time":112.0232796,"remaining_time":61.92591231},
{"learn":[0.1079844805],"iteration":644,"passed_time":112.1785337,"remaining_time":61.74167358},
{"learn":[0.1079764157],"iteration":645,"passed_time":112.3581015,"remaining_time":61.57084819},
{"learn":[0.1079719485],"iteration":646,"passed_time":112.5185259,"remaining_time":61.38955122},
{"learn":[0.1079569265],"iteration":647,"passed_time":112.7059462,"remaining_time":61.22298312},
{"learn":[0.1079373138],"iteration":648,"passed_time":112.8757298,"remaining_time":61.04681225},
{"learn":[0.1079221507],"iteration":649,"passed_time":113.0649732,"remaining_time":60.88113941},
{"learn":[0.1079118402],"iteration":650,"passed_time":113.2342054,"remaining_time":60.70466621},
{"learn":[0.1078950523],"iteration":651,"passed_time":113.3969628,"remaining_time":60.52475928},
{"learn":[0.107886377],"iteration":652,"passed_time":113.5737671,"remaining_time":60.35236935},
{"learn":[0.1078797246],"iteration":653,"passed_time":113.738162,"remaining_time":60.1734007},
{"learn":[0.1078637871],"iteration":654,"passed_time":113.916228,"remaining_time":60.00167734},
{"learn":[0.1078493626],"iteration":655,"passed_time":114.0958525,"remaining_time":59.83075193},
{"learn":[0.1078409744],"iteration":656,"passed_time":114.2658313,"remaining_time":59.65476431},
{"learn":[0.107829979],"iteration":657,"passed_time":114.4308568,"remaining_time":59.4762204},
{"learn":[0.1078192898],"iteration":658,"passed_time":114.5898031,"remaining_time":59.29457188},
{"learn":[0.1078134097],"iteration":659,"passed_time":114.7534298,"remaining_time":59.11540322},
{"learn":[0.1078083715],"iteration":660,"passed_time":114.9121842,"remaining_time":58.9337828},
{"learn":[0.107800044],"iteration":661,"passed_time":115.1048793,"remaining_time":58.76956071},
{"learn":[0.1077918402],"iteration":662,"passed_time":115.2621664,"remaining_time":58.58725501},
{"learn":[0.1077825061],"iteration":663,"passed_time":115.4371522,"remaining_time":58.41398062},
{"learn":[0.1077676338],"iteration":664,"passed_time":115.6004733,"remaining_time":58.23482492},
{"learn":[0.1077484983],"iteration":665,"passed_time":115.7601227,"remaining_time":58.05387534},
{"learn":[0.1077352215],"iteration":666,"passed_time":115.9337437,"remaining_time":57.87996498},
{"learn":[0.1077268358],"iteration":667,"passed_time":116.091414,"remaining_time":57.69812793},
{"learn":[0.1077085745],"iteration":668,"passed_time":116.2726365,"remaining_time":57.52801599},
{"learn":[0.1077002237],"iteration":669,"passed_time":116.4518515,"remaining_time":57.35688208},
{"learn":[0.1076850631],"iteration":670,"passed_time":116.6241205,"remaining_time":57.18231841},
{"learn":[0.1076673383],"iteration":671,"passed_time":116.7950801,"remaining_time":57.00712245},
{"learn":[0.1076482181],"iteration":672,"passed_time":116.9779596,"remaining_time":56.83773072},
{"learn":[0.1076402148],"iteration":673,"passed_time":117.1519273,"remaining_time":56.66398859},
{"learn":[0.1076297969],"iteration":674,"passed_time":117.3116666,"remaining_time":56.48339503},
{"learn":[0.1076186796],"iteration":675,"passed_time":117.5196804,"remaining_time":56.32600069},
{"learn":[0.1076098701],"iteration":676,"passed_time":117.6939872,"remaining_time":56.15237498},
{"learn":[0.10760311],"iteration":677,"passed_time":117.859249,"remaining_time":55.9744516},
{"learn":[0.1075912536],"iteration":678,"passed_time":118.0295541,"remaining_time":55.79894972},
{"learn":[0.1075789465],"iteration":679,"passed_time":118.1868949,"remaining_time":55.61736229},
{"learn":[0.1075719305],"iteration":680,"passed_time":118.3577386,"remaining_time":55.44217126},
{"learn":[0.1075557922],"iteration":681,"passed_time":118.5278983,"remaining_time":55.26667397},
{"learn":[0.1075517583],"iteration":682,"passed_time":118.6962022,"remaining_time":55.09033102},
{"learn":[0.1075379999],"iteration":683,"passed_time":118.8695109,"remaining_time":54.91632373},
{"learn":[0.1075339322],"iteration":684,"passed_time":119.0570844,"remaining_time":54.7488782},
{"learn":[0.1075226446],"iteration":685,"passed_time":119.2313347,"remaining_time":54.57527564},
{"learn":[0.107509928],"iteration":686,"passed_time":119.4007397,"remaining_time":54.39946367},
{"learn":[0.1074966105],"iteration":687,"passed_time":119.5589693,"remaining_time":54.21860238},
{"learn":[0.1074817017],"iteration":688,"passed_time":119.7350627,"remaining_time":54.0458701},
{"learn":[0.1074666456],"iteration":689,"passed_time":119.9096504,"remaining_time":53.87245163},
{"learn":[0.1074628684],"iteration":690,"passed_time":120.0979724,"remaining_time":53.70517145},
{"learn":[0.1074466247],"iteration":691,"passed_time":120.2704516,"remaining_time":53.53077905},
{"learn":[0.1074360166],"iteration":692,"passed_time":120.4371992,"remaining_time":53.35385302},
{"learn":[0.1074221633],"iteration":693,"passed_time":120.6079792,"remaining_time":53.17873433},
{"learn":[0.1074122142],"iteration":694,"passed_time":120.7578173,"remaining_time":52.99443782},
{"learn":[0.1074022685],"iteration":695,"passed_time":120.9270186,"remaining_time":52.81869778},
{"learn":[0.1073939549],"iteration":696,"passed_time":121.0980627,"remaining_time":52.64377763},
{"learn":[0.1073854596],"iteration":697,"passed_time":121.2941013,"remaining_time":52.4796828},
{"learn":[0.1073703856],"iteration":698,"passed_time":121.4545309,"remaining_time":52.30016279},
{"learn":[0.1073570724],"iteration":699,"passed_time":121.6362775,"remaining_time":52.12983321},
{"learn":[0.1073347401],"iteration":700,"passed_time":121.7884085,"remaining_time":51.94683901},
{"learn":[0.107325792],"iteration":701,"passed_time":121.9570026,"remaining_time":51.77092133},
{"learn":[0.1073174081],"iteration":702,"passed_time":122.1263449,"remaining_time":51.5953406},
{"learn":[0.1073128328],"iteration":703,"passed_time":122.3055876,"remaining_time":51.42394026},
{"learn":[0.1073053249],"iteration":704,"passed_time":122.47309,"remaining_time":51.24760506},
{"learn":[0.1072920162],"iteration":705,"passed_time":122.6421664,"remaining_time":51.07195033},
{"learn":[0.1072753412],"iteration":706,"passed_time":122.8028832,"remaining_time":50.89284976},
{"learn":[0.1072611756],"iteration":707,"passed_time":122.9710531,"remaining_time":50.71687499},
{"learn":[0.1072443419],"iteration":708,"passed_time":123.1341194,"remaining_time":50.53882756},
{"learn":[0.1072321355],"iteration":709,"passed_time":123.3245974,"remaining_time":50.37201865},
{"learn":[0.1072270949],"iteration":710,"passed_time":123.5125471,"remaining_time":50.20411549},
{"learn":[0.1072150488],"iteration":711,"passed_time":123.6777933,"remaining_time":50.02697257},
{"learn":[0.1072056515],"iteration":712,"passed_time":123.8545429,"remaining_time":49.85449343},
{"learn":[0.1071981269],"iteration":713,"passed_time":124.0234773,"remaining_time":49.67887185},
{"learn":[0.1071851425],"iteration":714,"passed_time":124.1820672,"remaining_time":49.49914567},
{"learn":[0.1071742558],"iteration":715,"passed_time":124.3645745,"remaining_time":49.32896531},
{"learn":[0.107167889],"iteration":716,"passed_time":124.520041,"remaining_time":49.14807756},
{"learn":[0.1071535969],"iteration":717,"passed_time":124.7067158,"remaining_time":48.9795179},
{"learn":[0.1071294249],"iteration":718,"passed_time":124.8791495,"remaining_time":48.80534214},
{"learn":[0.1071162438],"iteration":719,"passed_time":125.0539001,"remaining_time":48.63207227},
{"learn":[0.1071072225],"iteration":720,"passed_time":125.2220555,"remaining_time":48.45624618},
{"learn":[0.1071039789],"iteration":721,"passed_time":125.3840309,"remaining_time":48.27806174},
{"learn":[0.1070945486],"iteration":722,"passed_time":125.5545186,"remaining_time":48.10318348},
{"learn":[0.1070878049],"iteration":723,"passed_time":125.7307248,"remaining_time":47.93049729},
{"learn":[0.1070771358],"iteration":724,"passed_time":125.9119365,"remaining_time":47.75970004},
{"learn":[0.1070596217],"iteration":725,"passed_time":126.0825269,"remaining_time":47.58486552},
{"learn":[0.1070483555],"iteration":726,"passed_time":126.2307645,"remaining_time":47.40164885},
{"learn":[0.1070432703],"iteration":727,"passed_time":126.4002972,"remaining_time":47.22648468},
{"learn":[0.1070248759],"iteration":728,"passed_time":126.5508649,"remaining_time":47.04428585},
{"learn":[0.1070121119],"iteration":729,"passed_time":126.7152479,"remaining_time":46.86728347},
{"learn":[0.1070003654],"iteration":730,"passed_time":126.8685899,"remaining_time":46.68625264},
{"learn":[0.1069927138],"iteration":731,"passed_time":127.0712776,"remaining_time":46.52336392},
{"learn":[0.1069860223],"iteration":732,"passed_time":127.2276003,"remaining_time":46.34347788},
{"learn":[0.1069689381],"iteration":733,"passed_time":127.4168913,"remaining_time":46.17560365},
{"learn":[0.1069641624],"iteration":734,"passed_time":127.578969,"remaining_time":45.99785956},
{"learn":[0.1069549349],"iteration":735,"passed_time":127.7438795,"remaining_time":45.82117417},
{"learn":[0.1069477241],"iteration":736,"passed_time":127.8974549,"remaining_time":45.64047578},
{"learn":[0.1069325576],"iteration":737,"passed_time":128.0734632,"remaining_time":45.46781484},
{"learn":[0.1069215279],"iteration":738,"passed_time":128.263691,"remaining_time":45.30016693},
{"learn":[0.1069081391],"iteration":739,"passed_time":128.4312403,"remaining_time":45.12448983},
{"learn":[0.1069050312],"iteration":740,"passed_time":128.6017209,"remaining_time":44.94985926},
{"learn":[0.1068870879],"iteration":741,"passed_time":128.7701139,"remaining_time":44.77451399},
{"learn":[0.106872856],"iteration":742,"passed_time":128.9307525,"remaining_time":44.59650524},
{"learn":[0.1068589224],"iteration":743,"passed_time":129.0974723,"remaining_time":44.42063564},
{"learn":[0.1068469982],"iteration":744,"passed_time":129.2778036,"remaining_time":44.24944956},
{"learn":[0.1068323366],"iteration":745,"passed_time":129.4752013,"remaining_time":44.08404976},
{"learn":[0.1068191028],"iteration":746,"passed_time":129.6372491,"remaining_time":43.90659173},
{"learn":[0.1068109466],"iteration":747,"passed_time":129.8266475,"remaining_time":43.73838926},
{"learn":[0.1068011138],"iteration":748,"passed_time":129.9913861,"remaining_time":43.56186636},
{"learn":[0.1067922635],"iteration":749,"passed_time":130.1579001,"remaining_time":43.38596671},
{"learn":[0.1067813695],"iteration":750,"passed_time":130.3063172,"remaining_time":43.20409186},
{"learn":[0.1067669406],"iteration":751,"passed_time":130.4916561,"remaining_time":43.03448234},
{"learn":[0.1067564409],"iteration":752,"passed_time":130.6721189,"remaining_time":42.86323156},
{"learn":[0.1067483241],"iteration":753,"passed_time":130.8541895,"remaining_time":42.69248091},
{"learn":[0.1067429913],"iteration":754,"passed_time":131.0020511,"remaining_time":42.51059937},
{"learn":[0.1067329294],"iteration":755,"passed_time":131.1699527,"remaining_time":42.33527574},
{"learn":[0.1067216844],"iteration":756,"passed_time":131.3389845,"remaining_time":42.16033453},
{"learn":[0.1067137764],"iteration":757,"passed_time":131.5113751,"remaining_time":41.98648122},
{"learn":[0.1067028122],"iteration":758,"passed_time":131.7167721,"remaining_time":41.82311208},
{"learn":[0.1066948038],"iteration":759,"passed_time":131.8829446,"remaining_time":41.64724565},
{"learn":[0.1066838091],"iteration":760,"passed_time":132.0506776,"remaining_time":41.47189479},
{"learn":[0.1066713343],"iteration":761,"passed_time":132.2336693,"remaining_time":41.30132977},
{"learn":[0.1066586513],"iteration":762,"passed_time":132.3950501,"remaining_time":41.1240195},
{"learn":[0.1066532586],"iteration":763,"passed_time":132.5570658,"remaining_time":40.94694703},
{"learn":[0.1066470579],"iteration":764,"passed_time":132.7468203,"remaining_time":40.77843498},
{"learn":[0.1066395252],"iteration":765,"passed_time":132.9303202,"remaining_time":40.60795684},
{"learn":[0.1066259113],"iteration":766,"passed_time":133.1104209,"remaining_time":40.43641208},
{"learn":[0.1066166568],"iteration":767,"passed_time":133.2723139,"remaining_time":40.25934483},
{"learn":[0.1066024328],"iteration":768,"passed_time":133.4322963,"remaining_time":40.08174309},
{"learn":[0.1065954513],"iteration":769,"passed_time":133.5981428,"remaining_time":39.90593875},
{"learn":[0.106585952],"iteration":770,"passed_time":133.7698217,"remaining_time":39.73189257},
{"learn":[0.1065782542],"iteration":771,"passed_time":133.9316469,"remaining_time":39.55494236},
{"learn":[0.1065701718],"iteration":772,"passed_time":134.1191432,"remaining_time":39.38556986},
{"learn":[0.1065546459],"iteration":773,"passed_time":134.2933139,"remaining_time":39.21225961},
{"learn":[0.1065477874],"iteration":774,"passed_time":134.4649744,"remaining_time":39.03821838},
{"learn":[0.1065432481],"iteration":775,"passed_time":134.6327554,"remaining_time":38.86306341},
{"learn":[0.1065342926],"iteration":776,"passed_time":134.8014429,"remaining_time":38.6881876},
{"learn":[0.1065210818],"iteration":777,"passed_time":134.9625814,"remaining_time":38.5111736},
{"learn":[0.1065098516],"iteration":778,"passed_time":135.1321718,"remaining_time":38.33659816},
{"learn":[0.1064981391],"iteration":779,"passed_time":135.3098683,"remaining_time":38.16432183},
{"learn":[0.1064934614],"iteration":780,"passed_time":135.4832594,"remaining_time":37.99082433},
{"learn":[0.1064835446],"iteration":781,"passed_time":135.6573653,"remaining_time":37.81752639},
{"learn":[0.1064737247],"iteration":782,"passed_time":135.8301279,"remaining_time":37.64385408},
{"learn":[0.1064637598],"iteration":783,"passed_time":136.0038699,"remaining_time":37.47045396},
{"learn":[0.1064578529],"iteration":784,"passed_time":136.1772833,"remaining_time":37.29696295},
{"learn":[0.1064526564],"iteration":785,"passed_time":136.3561032,"remaining_time":37.12494414},
{"learn":[0.1064310607],"iteration":786,"passed_time":136.5471878,"remaining_time":36.95622744},
{"learn":[0.1064208843],"iteration":787,"passed_time":136.7097419,"remaining_time":36.77977829},
{"learn":[0.1064067245],"iteration":788,"passed_time":136.8740059,"remaining_time":36.60382161},
{"learn":[0.1063950683],"iteration":789,"passed_time":137.02833,"remaining_time":36.42525228},
{"learn":[0.1063820558],"iteration":790,"passed_time":137.204254,"remaining_time":36.25245143},
{"learn":[0.1063629092],"iteration":791,"passed_time":137.3681649,"remaining_time":36.07648776},
{"learn":[0.1063577487],"iteration":792,"passed_time":137.5744475,"remaining_time":35.91161492},
{"learn":[0.1063437573],"iteration":793,"passed_time":137.7354857,"remaining_time":35.73489931},
{"learn":[0.1063313603],"iteration":794,"passed_time":137.9178174,"remaining_time":35.56371392},
{"learn":[0.1063231476],"iteration":795,"passed_time":138.0857366,"remaining_time":35.38880686},
{"learn":[0.1063159944],"iteration":796,"passed_time":138.2552658,"remaining_time":35.21432742},
{"learn":[0.1063078775],"iteration":797,"passed_time":138.4125583,"remaining_time":35.03676287},
{"learn":[0.1063016511],"iteration":798,"passed_time":138.6024447,"remaining_time":34.86744853},
{"learn":[0.1062881355],"iteration":799,"passed_time":138.7851789,"remaining_time":34.69629471},
{"learn":[0.1062832923],"iteration":800,"passed_time":138.9472092,"remaining_time":34.51996832},
{"learn":[0.1062740318],"iteration":801,"passed_time":139.1154588,"remaining_time":34.34521302},
{"learn":[0.1062716588],"iteration":802,"passed_time":139.2908216,"remaining_time":34.17221901},
{"learn":[0.1062635599],"iteration":803,"passed_time":139.4562526,"remaining_time":33.99679789},
{"learn":[0.1062516386],"iteration":804,"passed_time":139.630208,"remaining_time":33.82346654},
{"learn":[0.1062377546],"iteration":805,"passed_time":139.8149303,"remaining_time":33.65272515},
{"learn":[0.1062260109],"iteration":806,"passed_time":139.9898105,"remaining_time":33.47959533},
{"learn":[0.1062184846],"iteration":807,"passed_time":140.1486285,"remaining_time":33.30264441},
{"learn":[0.1062057529],"iteration":808,"passed_time":140.3287762,"remaining_time":33.1307741},
{"learn":[0.1061957573],"iteration":809,"passed_time":140.4867021,"remaining_time":32.95367087},
{"learn":[0.106182234],"iteration":810,"passed_time":140.6519155,"remaining_time":32.77831324},
{"learn":[0.1061756905],"iteration":811,"passed_time":140.8260103,"remaining_time":32.60503687},
{"learn":[0.1061706247],"iteration":812,"passed_time":141.0002522,"remaining_time":32.43179233},
{"learn":[0.1061509015],"iteration":813,"passed_time":141.1890845,"remaining_time":32.26187927},
{"learn":[0.1061487285],"iteration":814,"passed_time":141.3620741,"remaining_time":32.08832357},
{"learn":[0.106138984],"iteration":815,"passed_time":141.5321237,"remaining_time":31.91410633},
{"learn":[0.1061314096],"iteration":816,"passed_time":141.7140785,"remaining_time":31.74256592},
{"learn":[0.1061248769],"iteration":817,"passed_time":141.872225,"remaining_time":31.56570287},
{"learn":[0.1061098764],"iteration":818,"passed_time":142.0463391,"remaining_time":31.39241438},
{"learn":[0.1061024904],"iteration":819,"passed_time":142.2266251,"remaining_time":31.22047867},
{"learn":[0.1060875469],"iteration":820,"passed_time":142.4017063,"remaining_time":31.04738784},
{"learn":[0.1060754027],"iteration":821,"passed_time":142.56542,"remaining_time":30.87183061},
{"learn":[0.1060604024],"iteration":822,"passed_time":142.7482191,"remaining_time":30.70040678},
{"learn":[0.106051731],"iteration":823,"passed_time":142.8939619,"remaining_time":30.5210404},
{"learn":[0.1060416734],"iteration":824,"passed_time":143.0506931,"remaining_time":30.34408642},
{"learn":[0.1060334433],"iteration":825,"passed_time":143.2161348,"remaining_time":30.16901629},
{"learn":[0.1060237849],"iteration":826,"passed_time":143.4013238,"remaining_time":29.99810037},
{"learn":[0.1060172904],"iteration":827,"passed_time":143.564612,"remaining_time":29.82260057},
{"learn":[0.1060113893],"iteration":828,"passed_time":143.7364594,"remaining_time":29.64889573},
{"learn":[0.1060049558],"iteration":829,"passed_time":143.9074731,"remaining_time":29.4750246},
{"learn":[0.1059862978],"iteration":830,"passed_time":144.0734131,"remaining_time":29.30012854},
{"learn":[0.1059782363],"iteration":831,"passed_time":144.2199585,"remaining_time":29.12133778},
{"learn":[0.1059691893],"iteration":832,"passed_time":144.39955,"remaining_time":28.94924951},
{"learn":[0.1059582725],"iteration":833,"passed_time":144.588417,"remaining_time":28.77898947},
{"learn":[0.1059492128],"iteration":834,"passed_time":144.777663,"remaining_time":28.60875976},
{"learn":[0.1059402889],"iteration":835,"passed_time":144.9419476,"remaining_time":28.4335878},
{"learn":[0.1059358179],"iteration":836,"passed_time":145.1242993,"remaining_time":28.26196033},
{"learn":[0.1059220537],"iteration":837,"passed_time":145.2834786,"remaining_time":28.0858276},
{"learn":[0.1059061071],"iteration":838,"passed_time":145.45229,"remaining_time":27.91158366},
{"learn":[0.1058940522],"iteration":839,"passed_time":145.6284919,"remaining_time":27.73876037},
{"learn":[0.1058810912],"iteration":840,"passed_time":145.809841,"remaining_time":27.56690216},
{"learn":[0.105873514],"iteration":841,"passed_time":145.98552,"remaining_time":27.39395743},
{"learn":[0.1058685994],"iteration":842,"passed_time":146.1651071,"remaining_time":27.22173406},
{"learn":[0.1058624525],"iteration":843,"passed_time":146.3133238,"remaining_time":27.04369491},
{"learn":[0.1058535262],"iteration":844,"passed_time":146.4971617,"remaining_time":26.87226043},
{"learn":[0.1058459474],"iteration":845,"passed_time":146.6618191,"remaining_time":26.69730512},
{"learn":[0.1058402422],"iteration":846,"passed_time":146.8513254,"remaining_time":26.52686279},
{"learn":[0.1058334722],"iteration":847,"passed_time":147.0229845,"remaining_time":26.35317647},
{"learn":[0.1058219935],"iteration":848,"passed_time":147.1839379,"remaining_time":26.17759084},
{"learn":[0.105812363],"iteration":849,"passed_time":147.3597761,"remaining_time":26.00466638},
{"learn":[0.1057988718],"iteration":850,"passed_time":147.5272408,"remaining_time":25.83026896},
{"learn":[0.1057810389],"iteration":851,"passed_time":147.7006111,"remaining_time":25.65691366},
{"learn":[0.1057653061],"iteration":852,"passed_time":147.8607474,"remaining_time":25.48127769},
{"learn":[0.105756228],"iteration":853,"passed_time":148.0327089,"remaining_time":25.30769965},
{"learn":[0.1057497773],"iteration":854,"passed_time":148.2180178,"remaining_time":25.13638898},
{"learn":[0.1057430273],"iteration":855,"passed_time":148.3893785,"remaining_time":24.96269919},
{"learn":[0.1057321632],"iteration":856,"passed_time":148.5597501,"remaining_time":24.78884979},
{"learn":[0.105720998],"iteration":857,"passed_time":148.7157767,"remaining_time":24.61263438},
{"learn":[0.1057116196],"iteration":858,"passed_time":148.8808091,"remaining_time":24.43794421},
{"learn":[0.1056946744],"iteration":859,"passed_time":149.0419778,"remaining_time":24.26264755},
{"learn":[0.1056844088],"iteration":860,"passed_time":149.2103213,"remaining_time":24.08854199},
{"learn":[0.1056762922],"iteration":861,"passed_time":149.3894704,"remaining_time":23.91617972},
{"learn":[0.1056644581],"iteration":862,"passed_time":149.5846054,"remaining_time":23.74633945},
{"learn":[0.1056502111],"iteration":863,"passed_time":149.7541918,"remaining_time":23.57241908},
{"learn":[0.1056326097],"iteration":864,"passed_time":149.9202345,"remaining_time":23.39795567},
{"learn":[0.1056244273],"iteration":865,"passed_time":150.0865442,"remaining_time":23.22355303},
{"learn":[0.1056121349],"iteration":866,"passed_time":150.2718657,"remaining_time":23.05208552},
{"learn":[0.105594738],"iteration":867,"passed_time":150.4318016,"remaining_time":22.87672559},
{"learn":[0.1055846305],"iteration":868,"passed_time":150.6305707,"remaining_time":22.70725519},
{"learn":[0.1055784468],"iteration":869,"passed_time":150.7976409,"remaining_time":22.53298083},
{"learn":[0.1055697818],"iteration":870,"passed_time":150.9534716,"remaining_time":22.35705837},
{"learn":[0.1055541054],"iteration":871,"passed_time":151.1252753,"remaining_time":22.18352665},
{"learn":[0.1055414088],"iteration":872,"passed_time":151.3068728,"remaining_time":22.01142365},
{"learn":[0.1055312299],"iteration":873,"passed_time":151.4701973,"remaining_time":21.8366646},
{"learn":[0.1055231937],"iteration":874,"passed_time":151.6409221,"remaining_time":21.66298887},
{"learn":[0.1055194183],"iteration":875,"passed_time":151.8195171,"remaining_time":21.49043392},
{"learn":[0.105508406],"iteration":876,"passed_time":152.0016035,"remaining_time":21.31835488},
{"learn":[0.1054997612],"iteration":877,"passed_time":152.1537206,"remaining_time":21.14208874},
{"learn":[0.1054893188],"iteration":878,"passed_time":152.3395023,"remaining_time":20.97051169},
{"learn":[0.1054817121],"iteration":879,"passed_time":152.4978307,"remaining_time":20.79515873},
{"learn":[0.1054722355],"iteration":880,"passed_time":152.6763103,"remaining_time":20.62256631},
{"learn":[0.1054605506],"iteration":881,"passed_time":152.8503988,"remaining_time":20.44937309},
{"learn":[0.1054541111],"iteration":882,"passed_time":153.0255252,"remaining_time":20.27631535},
{"learn":[0.1054406395],"iteration":883,"passed_time":153.2086772,"remaining_time":20.10430606},
{"learn":[0.1054280228],"iteration":884,"passed_time":153.3806285,"remaining_time":19.93081613},
{"learn":[0.1054228241],"iteration":885,"passed_time":153.5364414,"remaining_time":19.75525319},
{"learn":[0.1054090933],"iteration":886,"passed_time":153.7035462,"remaining_time":19.5811733},
{"learn":[0.1053974701],"iteration":887,"passed_time":153.8603044,"remaining_time":19.40580416},
{"learn":[0.1053918499],"iteration":888,"passed_time":154.0350633,"remaining_time":19.23272444},
{"learn":[0.1053790491],"iteration":889,"passed_time":154.2192125,"remaining_time":19.06080154},
{"learn":[0.1053721525],"iteration":890,"passed_time":154.3958217,"remaining_time":18.88792881},
{"learn":[0.1053617367],"iteration":891,"passed_time":154.56287,"remaining_time":18.71389009},
{"learn":[0.1053503109],"iteration":892,"passed_time":154.7398724,"remaining_time":18.54105974},
{"learn":[0.1053440013],"iteration":893,"passed_time":154.9111263,"remaining_time":18.36753846},
{"learn":[0.1053369377],"iteration":894,"passed_time":155.0972414,"remaining_time":18.19576575},
{"learn":[0.1053260706],"iteration":895,"passed_time":155.2530887,"remaining_time":18.0204478},
{"learn":[0.105313795],"iteration":896,"passed_time":155.429636,"remaining_time":17.84755018},
{"learn":[0.1053096822],"iteration":897,"passed_time":155.6037689,"remaining_time":17.67437019},
{"learn":[0.1053016805],"iteration":898,"passed_time":155.7995677,"remaining_time":17.50362218},
{"learn":[0.1052969023],"iteration":899,"passed_time":155.9765903,"remaining_time":17.33073225},
{"learn":[0.1052799735],"iteration":900,"passed_time":156.1738159,"remaining_time":17.16005303},
{"learn":[0.1052653424],"iteration":901,"passed_time":156.3349605,"remaining_time":16.98539482},
{"learn":[0.1052538247],"iteration":902,"passed_time":156.5327716,"remaining_time":16.81470526},
{"learn":[0.10523542],"iteration":903,"passed_time":156.7168154,"remaining_time":16.64249367},
{"learn":[0.1052232529],"iteration":904,"passed_time":156.8744971,"remaining_time":16.46748865},
{"learn":[0.1052107273],"iteration":905,"passed_time":157.0513931,"remaining_time":16.2945154},
{"learn":[0.105206061],"iteration":906,"passed_time":157.2102427,"remaining_time":16.1196831},
{"learn":[0.1051926593],"iteration":907,"passed_time":157.3707634,"remaining_time":15.94505532},
{"learn":[0.1051812822],"iteration":908,"passed_time":157.5609918,"remaining_time":15.77343262},
{"learn":[0.1051698734],"iteration":909,"passed_time":157.7231047,"remaining_time":15.59898838},
{"learn":[0.1051567649],"iteration":910,"passed_time":157.9006021,"remaining_time":15.42607419},
{"learn":[0.1051492232],"iteration":911,"passed_time":158.0578374,"remaining_time":15.25119483},
{"learn":[0.1051424413],"iteration":912,"passed_time":158.2221961,"remaining_time":15.07703292},
{"learn":[0.1051287186],"iteration":913,"passed_time":158.3832049,"remaining_time":14.90257727},
{"learn":[0.1051166781],"iteration":914,"passed_time":158.5489167,"remaining_time":14.72858789},
{"learn":[0.1051010442],"iteration":915,"passed_time":158.7214389,"remaining_time":14.55524112},
{"learn":[0.1050859599],"iteration":916,"passed_time":158.9091252,"remaining_time":14.38326869},
{"learn":[0.1050780563],"iteration":917,"passed_time":159.0785604,"remaining_time":14.20963176},
{"learn":[0.1050617437],"iteration":918,"passed_time":159.2379938,"remaining_time":14.03512241},
{"learn":[0.1050552622],"iteration":919,"passed_time":159.4211049,"remaining_time":13.86270477},
{"learn":[0.1050392661],"iteration":920,"passed_time":159.6025928,"remaining_time":13.69012468},
{"learn":[0.1050299145],"iteration":921,"passed_time":159.7601385,"remaining_time":13.51549979},
{"learn":[0.1050169728],"iteration":922,"passed_time":159.9364902,"remaining_time":13.34248076},
{"learn":[0.1050045452],"iteration":923,"passed_time":160.1332385,"remaining_time":13.17113217},
{"learn":[0.1049921353],"iteration":924,"passed_time":160.313203,"remaining_time":12.99836781},
{"learn":[0.1049814791],"iteration":925,"passed_time":160.5110213,"remaining_time":12.82701466},
{"learn":[0.1049699994],"iteration":926,"passed_time":160.6764597,"remaining_time":12.65305454},
{"learn":[0.1049615099],"iteration":927,"passed_time":160.8473112,"remaining_time":12.47953276},
{"learn":[0.1049469082],"iteration":928,"passed_time":161.000818,"remaining_time":12.30469115},
{"learn":[0.1049362031],"iteration":929,"passed_time":161.207827,"remaining_time":12.13392246},
{"learn":[0.1049266237],"iteration":930,"passed_time":161.3945758,"remaining_time":11.96157436},
{"learn":[0.1049153207],"iteration":931,"passed_time":161.592761,"remaining_time":11.79002977},
{"learn":[0.1049057617],"iteration":932,"passed_time":161.7727834,"remaining_time":11.61712378},
{"learn":[0.1048941935],"iteration":933,"passed_time":161.968517,"remaining_time":11.44531276},
{"learn":[0.1048865701],"iteration":934,"passed_time":162.1255716,"remaining_time":11.27076166},
{"learn":[0.1048807695],"iteration":935,"passed_time":162.3083241,"remaining_time":11.09800507},
{"learn":[0.1048650816],"iteration":936,"passed_time":162.4876569,"remaining_time":10.92499721},
{"learn":[0.1048595934],"iteration":937,"passed_time":162.6879277,"remaining_time":10.75335983},
{"learn":[0.10484648],"iteration":938,"passed_time":162.8593103,"remaining_time":10.5797848},
{"learn":[0.1048293673],"iteration":939,"passed_time":163.021139,"remaining_time":10.40560462},
{"learn":[0.1048169038],"iteration":940,"passed_time":163.1975366,"remaining_time":10.23236414},
{"learn":[0.1047991194],"iteration":941,"passed_time":163.3746525,"remaining_time":10.05916119},
{"learn":[0.1047851209],"iteration":942,"passed_time":163.5644102,"remaining_time":9.886714085},
{"learn":[0.1047687499],"iteration":943,"passed_time":163.7658279,"remaining_time":9.714921997},
{"learn":[0.1047575431],"iteration":944,"passed_time":163.998647,"remaining_time":9.544894799},
{"learn":[0.1047455769],"iteration":945,"passed_time":164.1654148,"remaining_time":9.370964481},
{"learn":[0.1047310766],"iteration":946,"passed_time":164.3377658,"remaining_time":9.197361761},
{"learn":[0.1047187249],"iteration":947,"passed_time":164.5069177,"remaining_time":9.023586203},
{"learn":[0.1047087736],"iteration":948,"passed_time":164.6862743,"remaining_time":8.850368796},
{"learn":[0.104697864],"iteration":949,"passed_time":164.8505858,"remaining_time":8.676346621},
{"learn":[0.1046908969],"iteration":950,"passed_time":165.0165929,"remaining_time":8.502432234},
{"learn":[0.1046754504],"iteration":951,"passed_time":165.2112446,"remaining_time":8.329978717},
{"learn":[0.1046664003],"iteration":952,"passed_time":165.3997018,"remaining_time":8.157173122},
{"learn":[0.1046637079],"iteration":953,"passed_time":165.5895538,"remaining_time":7.984401967},
{"learn":[0.1046586396],"iteration":954,"passed_time":165.7790512,"remaining_time":7.811578329},
{"learn":[0.1046514628],"iteration":955,"passed_time":165.9892744,"remaining_time":7.639673716},
{"learn":[0.104640409],"iteration":956,"passed_time":166.1534823,"remaining_time":7.465621462},
{"learn":[0.1046324944],"iteration":957,"passed_time":166.3330868,"remaining_time":7.292264765},
{"learn":[0.1046228566],"iteration":958,"passed_time":166.5049928,"remaining_time":7.118565906},
{"learn":[0.1046166921],"iteration":959,"passed_time":166.6763974,"remaining_time":6.944849894},
{"learn":[0.1046035615],"iteration":960,"passed_time":166.8735491,"remaining_time":6.772183573},
{"learn":[0.1045956619],"iteration":961,"passed_time":167.0446513,"remaining_time":6.598437369},
{"learn":[0.1045895493],"iteration":962,"passed_time":167.2439387,"remaining_time":6.425779577},
{"learn":[0.1045774759],"iteration":963,"passed_time":167.4341016,"remaining_time":6.252725787},
{"learn":[0.104572294],"iteration":964,"passed_time":167.6142954,"remaining_time":6.079274961},
{"learn":[0.1045679141],"iteration":965,"passed_time":167.8168661,"remaining_time":5.906597771},
{"learn":[0.1045575658],"iteration":966,"passed_time":168.0149904,"remaining_time":5.733707016},
{"learn":[0.1045502256],"iteration":967,"passed_time":168.2003652,"remaining_time":5.560342653},
{"learn":[0.104535399],"iteration":968,"passed_time":168.5149972,"remaining_time":5.39108866},
{"learn":[0.1045320397],"iteration":969,"passed_time":168.7971334,"remaining_time":5.220529898},
{"learn":[0.1045246958],"iteration":970,"passed_time":169.0098275,"remaining_time":5.047667349},
{"learn":[0.1045160088],"iteration":971,"passed_time":169.2404006,"remaining_time":4.875237879},
{"learn":[0.1045081508],"iteration":972,"passed_time":169.4096432,"remaining_time":4.700987015},
{"learn":[0.1044950441],"iteration":973,"passed_time":169.6125419,"remaining_time":4.527644857},
{"learn":[0.1044873067],"iteration":974,"passed_time":169.8205345,"remaining_time":4.35437268},
{"learn":[0.1044754613],"iteration":975,"passed_time":170.0198836,"remaining_time":4.18081681},
{"learn":[0.1044650381],"iteration":976,"passed_time":170.2126181,"remaining_time":4.007052421},
{"learn":[0.1044497878],"iteration":977,"passed_time":170.4311282,"remaining_time":3.83382906},
{"learn":[0.1044371562],"iteration":978,"passed_time":170.62463,"remaining_time":3.659976741},
{"learn":[0.1044251435],"iteration":979,"passed_time":170.8115528,"remaining_time":3.485950058},
{"learn":[0.1044128146],"iteration":980,"passed_time":171.0127735,"remaining_time":3.312174002},
{"learn":[0.1044045512],"iteration":981,"passed_time":171.2156144,"remaining_time":3.13837175},
{"learn":[0.1043985801],"iteration":982,"passed_time":171.4701491,"remaining_time":2.96540441},
{"learn":[0.1043889206],"iteration":983,"passed_time":171.7180058,"remaining_time":2.792162696},
{"learn":[0.1043851085],"iteration":984,"passed_time":171.9010917,"remaining_time":2.617783122},
{"learn":[0.1043740042],"iteration":985,"passed_time":172.086848,"remaining_time":2.443423806},
{"learn":[0.1043640694],"iteration":986,"passed_time":172.2490733,"remaining_time":2.268731462},
{"learn":[0.1043555443],"iteration":987,"passed_time":172.430642,"remaining_time":2.094299295},
{"learn":[0.1043465693],"iteration":988,"passed_time":172.6146111,"remaining_time":1.919879396},
{"learn":[0.1043405991],"iteration":989,"passed_time":172.8112532,"remaining_time":1.745568214},
{"learn":[0.1043282913],"iteration":990,"passed_time":173.0020086,"remaining_time":1.571158504},
{"learn":[0.1043167459],"iteration":991,"passed_time":173.1658787,"remaining_time":1.396499022},
{"learn":[0.1043037137],"iteration":992,"passed_time":173.3377946,"remaining_time":1.221917988},
{"learn":[0.1042926337],"iteration":993,"passed_time":173.5194136,"remaining_time":1.047400887},
{"learn":[0.104288902],"iteration":994,"passed_time":173.6932674,"remaining_time":0.8728304895},
{"learn":[0.1042773853],"iteration":995,"passed_time":173.8623071,"remaining_time":0.6982421972},
{"learn":[0.1042677011],"iteration":996,"passed_time":174.0455079,"remaining_time":0.5237076467},
{"learn":[0.104256951],"iteration":997,"passed_time":174.2434779,"remaining_time":0.3491853265},
{"learn":[0.1042475154],"iteration":998,"passed_time":174.4075133,"remaining_time":0.1745820954},
{"learn":[0.1042367599],"iteration":999,"passed_time":174.58566,"remaining_time":0}
]}