,f_score
bill_bef_all_counts,108
browse_bef_loan_browse_behaviorstd,106
bill_bef_unique_counts,98
bill_timeNAN_all_result,86
bill_all_beflowest_repay_limitstd,86
bro_all_bef_counts,85
bro_all_bef_browse_behaviorstd,80
bill_aft_all_counts,80
bill_all_beflowest_repay_limitmax,76
bro_all_bef_dup_counts,76
bill_aft_unique_counts,67
bill_unique_befbill_balancestd,66
bill_unique_beflast_bill_amountstd,65
bill_all_befbill_balancestd,62
bill_unique_befbill_amountstd,58
bill_unique_beflast_repay_amountstd,57
bill_unique_beflowest_repay_limitstd,57
bill_all_beflast_repay_amountmax,57
bill_unique_befbill_balancemean,56
bill_unique_aftbill_amountstd,56
bill_all_aftlowest_repay_limitmax,54
bill_unique_befconsum_numstd,51
bill_unique_befbill_balancemedian,50
bill_all_aftlast_repay_amountstd,50
bill_all_beflast_bill_amountmax,49
bill_all_befcredit_limitstd,49
bill_unique_beflowest_repay_limitmean,48
bill_all_befbill_balancemean,48
bill_all_befbill_balancemedian,48
bill_all_beflowest_repay_limitmean,47
bill_all_beflast_repay_amountstd,47
bill_all_beflast_bill_amountstd,47
bill_all_befbill_balancemax,46
bro_all_bef_browse_num_1sum,46
bill_all_befbill_amountmax,46
bill_unique_aftlast_repay_amountstd,45
bill_all_beflast_bill_amountmean,45
bill_all_aftbill_balancemax,44
bill_unique_aftlowest_repay_limitstd,43
bill_all_befbill_amountmean,43
bill_unique_aftlowest_repay_limitmedian,43
bill_all_aftlast_bill_amountstd,43
bill_all_aftlowest_repay_limitstd,43
bill_all_aftavail_cash_limitmean,43
bro_all_bef_browse_num_7sum,43
bill_all_aftbill_amountmax,42
bill_all_befbill_amountstd,42
bill_unique_befcredit_limitstd,41
bro_all_bef_browse_num_5sum,41
bill_bef_eachu_duplicted_count,40
bill_all_aftbill_amountstd,39
bill_all_aftbill_balancemedian,39
bill_all_aftcredit_limitstd,38
bill_all_aftavail_cash_limitstd,38
bill_unique_aftcredit_limitmean,38
bill_all_aftlowest_repay_limitmean,37
bill_unique_befavail_cash_limitstd,37
bill_all_aftlast_repay_amountmax,36
bill_all_befcredit_limitmean,36
bill_unique_beflowest_repay_limitmedian,36
bill_all_aftconsum_numstd,36
bill_unique_aftbill_balancemean,35
bill_unique_befbill_amountmean,35
bro_all_bef_browse_behaviorsum,35
bill_all_befavail_cash_limitmean,34
bill_unique_befcredit_limitmean,34
bill_unique_befconsum_nummean,34
education_2,34
bro_all_bef_browse_num_10sum,34
bill_unique_beflast_bill_amountmean,33
bill_all_aftbill_balancestd,33
bill_all_beflast_repay_amountmean,33
browse_bef_loan_browse_behaviorcount,33
browse_bef_loan_browse_behaviorsum,33
bank_bef_uniquebank_real_transf_amountmedian,32
bill_all_beflowest_repay_limitmedian,32
bill_all_aftlast_repay_amountmean,31
bill_unique_beflast_bill_amountsum,31
bill_all_befavail_cash_limitmax,31
bill_all_aftlast_bill_amountmax,31
bill_unique_aftbill_balancestd,31
bill_unique_befavail_cash_limitmean,31
bro_all_bef_browse_num_6sum,31
bill_unique_aftlowest_repay_limitmean,31
bill_unique_aftlast_bill_amountmean,30
bill_all_befavail_cash_limitstd,30
bill_unique_aftavail_cash_limitstd,30
bill_unique_befbill_amountmedian,30
bill_unique_beflast_repay_amountmedian,30
bill_all_befbill_amountsum,29
bill_all_befconsum_numstd,29
bill_all_timeNAN_last_repay_amountstd,29
bro_all_bef_browse_num_8sum,29
bill_all_aftcredit_limitmean,29
bill_unique_beflast_repay_amountmean,29
bill_unique_befcredit_limitsum,28
bill_unique_aftlast_bill_amountstd,28
bill_all_befavail_cash_limitsum,28
bill_all_befbill_amountmedian,28
bill_unique_beflowest_repay_limitmax,28
bro_all_bef_browse_num_4sum,28
bill_unique_befbill_amountsum,27
bill_all_timeNAN_bill_balancestd,27
bill_unique_beflast_repay_amountsum,27
bill_all_befconsum_nummean,27
bill_unique_beflowest_repay_limitsum,27
bill_all_timeNAN_last_repay_amountmedian,27
bill_all_beflast_repay_amountmedian,27
bill_unique_aftavail_cash_limitmean,27
bill_all_aftcredit_limitsum,27
bill_unique_beflast_bill_amountmedian,27
browse_bef_loan_browse_num_1sum,27
bill_all_aftbill_amountmean,26
bill_all_befconsum_numsum,26
bill_unique_aftbill_amountmean,25
bill_all_befcir_intereststd,25
bill_all_beflast_bill_amountmedian,25
bill_all_aftbill_amountmedian,25
bill_unique_aftcredit_limitstd,24
bill_all_timeNAN_bill_balancemean,23
bill_all_timeNAN_bill_balancemax,23
education_4,23
bill_all_befcir_interestmax,23
bill_unique_befavail_cash_limitsum,23
bill_unique_aftbill_balancesum,23
bill_all_aftcredit_limitmedian,23
bill_unique_befadjust_amountstd,23
bill_all_aftlast_repay_amountmedian,23
bill_unique_aftlast_repay_amountmean,22
bill_all_timeNAN_bill_amountstd,22
bill_all_timeNAN_avail_cash_limitsum,22
bro_all_bef_browse_behaviorcount,22
bill_unique_aftlast_bill_amountmedian,22
bill_all_timeNAN_lowest_repay_limitmedian,22
bill_all_timeNAN_credit_limitstd,22
gender_1,22
gender_2,21
bill_all_befavail_cash_limitmedian,21
bill_all_aftbill_balancemean,21
bill_all_aftlast_bill_amountmedian,21
bill_all_beflowest_repay_limitsum,21
bill_unique_aftcredit_limitsum,21
bill_unique_aftconsum_numstd,20
bill_all_aftbill_balancesum,20
bill_all_aftlowest_repay_limitmedian,20
bill_unique_befbill_balancesum,20
bill_all_timeNAN_consum_numstd,20
bill_all_timeNAN_bill_amountmedian,20
bill_unique_befcir_intereststd,20
bill_all_aftlast_bill_amountmean,19
bill_all_timeNAN_consum_nummean,19
bill_all_aftcredit_limitmax,19
bill_unique_aftlowest_repay_limitsum,19
bill_all_aftbill_amountsum,19
bill_all_befcredit_limitmax,19
bill_all_timeNAN_bill_amountmax,19
bank_all_aft_bank_real_transf_aftmedian,19
bill_unique_befavail_cash_limitmedian,19
bill_all_aftavail_cash_limitmax,19
bill_all_befbill_balancesum,19
bill_all_timeNAN_credit_limitsum,18
bill_unique_aftbill_balancemedian,18
bill_unique_aftlast_repay_amountmedian,18
bill_all_befcredit_limitsum,18
bro_all_aft_browse_behaviorstd,18
residence_2,18
bill_all_befcir_interestsum,18
bill_all_aftconsum_nummean,18
bank_all_aft_bank_real_transf_aftmean,18
bill_unique_befcir_interestmean,17
bill_all_timeNAN_last_bill_amountstd,17
bill_unique_aftavail_cash_limitsum,17
bank_bef_uniquebank_real_transf_amountmean,17
bill_unique_aftavail_cash_limitmax,17
browse_bef_loan_browse_num_7sum,17
bill_all_beflast_bill_amountsum,17
bill_unique_befcir_interestsum,17
bill_all_timeNAN_lowest_repay_limitstd,17
bank_bef_uniquebank_real_transf_amountstd,16
browse_bef_loan_browse_num_8sum,16
bill_all_aftavail_cash_limitsum,16
bill_unique_aftlowest_repay_limitmax,16
bill_all_aftlowest_repay_limitsum,16
ocupation_4,16
bill_unique_befcredit_limitmedian,16
bill_all_timeNAN_bill_balancemedian,16
bill_all_timeNAN_avail_cash_limitmean,16
bill_all_befcredit_limitmedian,16
browse_bef_loan_browse_num_4sum,15
bill_all_timeNAN_last_bill_amountmax,15
bank_bef_uniquebank_real_transf_amountsum,15
bill_unique_aftbill_balancemax,15
bill_all_timeNAN_last_bill_amountmean,15
bill_all_timeNAN_lowest_repay_limitmean,15
bill_all_timeNAN_credit_limitmedian,15
bill_all_timeNAN_last_bill_amountmedian,15
bill_all_aftcir_interestmean,15
bill_all_aftlast_repay_amountsum,15
bank_all_bef_bank_real_transf_befmax,15
bill_all_beflast_repay_amountsum,15
bill_all_befadjust_amountstd,15
bill_unique_aftcredit_limitmedian,15
bro_all_aft_counts,15
bill_unique_aftlast_bill_amountsum,15
bill_all_befcir_interestmean,15
bill_unique_aftbill_amountmedian,15
bank_all_bef_bank_real_transf_befsum,14
bank_all_aft_bank_real_transf_aftsum,14
browse_bef_loan_browse_num_5sum,14
bill_all_timeNAN_last_repay_amountmean,14
bill_unique_aftavail_cash_limitmedian,14
bill_aft_eachu_duplicted_count,14
ocupation_2,13
browse_bef_loan_browse_num_10sum,13
bill_all_befcir_interestmedian,13
bill_unique_befconsum_numsum,13
marriage_1,13
bank_all_aft_bank_real_transf_aftcount,13
bill_unique_aftcir_intereststd,13
bill_all_timeNAN_credit_limitmean,13
bill_unique_aftlast_repay_amountsum,13
bro_all_bef_browse_behaviormax,13
bank_all_aft_bank_real_transf_aftstd,13
bank_aft_uniquebank_real_transf_amountmax,12
marriage_3,12
bill_unique_aftconsum_nummean,12
bill_unique_befbill_balancemax,12
bill_all_timeNAN_bill_amountsum,12
bank_all_bef_bank_real_transf_befmean,12
bank_all_bef_bank_real_transf_befmin,12
bank_all_bef_bank_real_transf_befstd,12
bill_unique_befcir_interestmax,12
bro_all_aft_browse_behaviorsum,11
bill_unique_aftbill_amountsum,11
bill_all_timeNAN_lowest_repay_limitmax,11
bro_all_aft_dup_counts,11
browse_aft_loan_browse_behaviorsum,11
bro_all_aft_browse_num_7sum,10
education_3,10
residence_4,10
bill_all_timeNAN_avail_cash_limitmax,10
bank_bef_uniquebank_real_transf_amountcount,10
bill_all_aftlast_bill_amountsum,10
bill_all_timeNAN_credit_limitmax,10
bank_all_bef_bank_real_transf_befmedian,10
bill_unique_aftcir_interestmean,10
bill_all_timeNAN_avail_cash_limitstd,9
bill_all_timeNAN_bill_amountmean,9
bill_unique_beflast_bill_amountmax,9
bro_all_aft_browse_num_4sum,9
bill_unique_befcredit_limitmax,9
bill_unique_befcir_interestmedian,9
bill_all_aftcir_intereststd,9
bill_all_aftcir_interestmax,9
bill_all_aftavail_cash_limitmedian,9
bill_unique_aftlast_repay_amountmax,9
bill_unique_befadjust_amountmean,9
bank_all_bef_bank_real_transf_befcount,9
bank_aft_uniquebank_real_transf_amountmean,9
residence_1,9
bank_aft_uniquebank_real_transf_amountstd,9
browse_bef_loan_browse_num_3sum,8
bill_all_timeNAN_last_bill_amountsum,8
bill_all_timeNAN_cir_interestmax,8
bill_all_aftconsum_numsum,8
bill_all_timeNAN_consum_numsum,8
bill_unique_aftcir_interestsum,8
bro_all_bef_browse_num_3sum,8
bill_all_timeNAN_last_repay_amountmax,8
bill_all_timeNAN_cir_intereststd,8
bill_all_aftcir_interestsum,8
bank_aft_uniquebank_real_transf_amountsum,8
browse_aft_loan_browse_behaviorstd,8
bank_aft_uniquebank_real_transf_amountmedian,8
bill_all_timeNAN_bill_balancesum,7
bill_unique_aftconsum_numsum,7
bill_all_befconsum_nummax,7
bill_all_aftconsum_nummedian,7
bill_all_befadjust_amountmean,7
bill_all_aftadjust_amountstd,7
bill_all_befconsum_nummedian,7
bill_all_aftcir_interestmedian,7
bank_all_aft_bank_real_transf_aftmin,7
browse_aft_loan_browse_behaviorcount,7
bill_timeNAN_eachu_duplicted_count,7
bank_aft_uniquebank_real_transf_amountmin,6
bill_all_befadjust_amountsum,6
bill_unique_aftlast_bill_amountmax,6
bro_all_aft_browse_behaviorcount,6
bro_all_aft_browse_num_10sum,6
bill_unique_aftadjust_amountstd,6
bill_unique_befbill_amountmax,6
bill_all_timeNAN_lowest_repay_limitsum,6
bill_unique_aftbill_amountmax,6
bill_all_timeNAN_avail_balancesum,6
bill_unique_beflast_repay_amountmax,6
bill_all_timeNAN_last_repay_amountsum,6
bill_all_timeNAN_consum_nummedian,6
bill_all_timeNAN_cir_interestmean,6
bill_unique_befavail_cash_limitmax,6
bro_all_aft_browse_num_5sum,5
bank_bef_uniquebank_real_transf_amountmin,5
bill_unique_befconsum_nummedian,5
browse_bef_loan_browse_num_6sum,5
bill_unique_aftadjust_amountsum,5
bank_aft_uniquebank_real_transf_amountcount,5
bro_all_aft_browse_num_6sum,5
bill_all_timeNAN_avail_cash_limitmedian,5
bro_all_aft_browse_behaviormax,5
bill_unique_befadjust_amountsum,5
bill_unique_befavail_balancestd,4
bill_unique_aftcredit_limitmax,4
bill_unique_aftconsum_nummedian,4
ocupation_3,4
bank_all_aft_bank_real_transf_aftmax,4
bill_all_befadjust_amountmax,4
bro_all_aft_browse_num_1sum,4
bill_all_timeNAN_cir_interestsum,4
bill_all_befavail_balancemax,4
bill_unique_befavail_balancemean,4
bill_all_befavail_balancestd,4
bill_unique_aftcir_interestmedian,3
bill_all_aftadjust_amountmean,3
bill_all_timeNAN_avail_balancestd,3
bill_all_timeNAN_cir_interestmedian,3
bro_all_aft_browse_num_8sum,3
bill_all_timeNAN_avail_balancemax,3
bill_all_befavail_balancesum,3
bill_all_timeNAN_consum_nummax,3
bill_all_timeNAN_adjust_amountmean,3
bill_unique_befconsum_nummax,3
marriage_4,2
bill_all_befavail_balancemean,2
marriage_2,2
bank_bef_uniquebank_real_transf_amountmax,2
bill_all_aftconsum_nummax,2
bill_all_aftadjust_amountmax,2
bill_unique_aftcir_interestmax,2
gender_4,2
bill_all_aftadjust_amountsum,2
bill_all_aftavail_balancemax,2
browse_aft_loan_browse_num_7sum,2
browse_aft_loan_browse_num_4sum,2
residence_3,2
bill_all_timeNAN_avail_balancemean,2
bill_unique_aftconsum_nummax,1
bill_all_timeNAN_adjust_amountsum,1
bro_all_aft_browse_num_3sum,1
bill_unique_befadjust_amountmax,1
bro_all_bef_browse_num_9sum,1
bank_aft_uniqueincome_signsum,1
bank_all_aft_income_signsum,1
bill_all_befadjust_amountmedian,1
bill_all_aftavail_balancestd,1
bill_unique_aftadjust_amountmax,1
bill_unique_aftadjust_amountmean,1
browse_aft_loan_browse_num_6sum,1
browse_aft_loan_browse_num_1sum,1
browse_aft_loan_browse_num_10sum,1
bill_all_aftavail_balancemean,1
bill_unique_aftavail_balancesum,1
bill_unique_aftavail_balancestd,1
