,f_score
bill_bef_all_counts,193
bro_all_bef_browse_behaviorstd,137
bill_all_beflowest_repay_limitstd,133
bill_aft_all_counts,124
bill_all_befbill_balancestd,124
bill_all_beflast_repay_amountstd,117
bill_all_beflast_bill_amountstd,108
bill_all_befbill_amountstd,104
bill_timeNAN_all_result,103
bill_all_befbill_balancemean,95
bro_all_bef_counts,92
bill_all_aftbill_amountstd,91
bill_all_beflowest_repay_limitmean,91
bill_all_befbill_balancemedian,90
bill_all_aftbill_balancestd,90
bill_all_beflowest_repay_limitmax,90
bill_all_aftlowest_repay_limitstd,89
bro_all_bef_browse_num_1sum,82
bro_all_bef_dup_counts,79
bill_all_aftavail_cash_limitstd,77
bill_all_aftlowest_repay_limitmedian,76
bill_all_beflast_repay_amountmedian,75
bill_all_befcredit_limitstd,74
bill_all_befbill_balancemax,73
bro_all_bef_browse_num_10sum,70
bill_all_befavail_cash_limitstd,70
bill_all_befcredit_limitmean,70
bill_all_befavail_cash_limitmean,69
bill_all_beflowest_repay_limitmedian,69
bill_all_aftbill_amountmax,68
bill_all_aftbill_balancemean,67
bill_all_aftlast_repay_amountstd,67
bill_all_aftlowest_repay_limitmax,67
bill_all_aftbill_balancemedian,66
bill_all_beflast_bill_amountmedian,66
bill_all_aftavail_cash_limitmean,65
bill_all_aftlowest_repay_limitmean,64
bill_all_aftcredit_limitmean,63
bill_all_befavail_cash_limitsum,63
bill_all_befconsum_numstd,63
bill_all_beflast_bill_amountmean,63
bill_all_befbill_amountmedian,62
bill_all_befbill_amountmean,61
bill_all_beflast_repay_amountmax,61
bro_all_bef_browse_behaviorsum,60
bill_all_befcir_intereststd,60
bill_all_aftlast_bill_amountstd,60
bill_all_aftconsum_numstd,59
bill_all_beflast_repay_amountmean,59
bill_all_aftlast_repay_amountmean,58
bill_all_beflast_bill_amountmax,57
bill_all_aftlast_bill_amountmax,57
bill_all_aftbill_amountmean,53
bro_all_bef_browse_num_5sum,52
bill_all_aftbill_balancemax,52
bro_all_bef_browse_num_7sum,51
bill_all_aftlast_repay_amountmax,51
bill_all_aftlast_repay_amountmedian,50
bill_all_befcredit_limitsum,49
bill_all_aftlast_bill_amountmedian,48
bill_all_befbill_amountmax,48
bill_all_befbill_amountsum,47
bill_all_aftcredit_limitstd,47
bro_all_bef_browse_num_6sum,46
bill_all_befbill_balancesum,44
bill_all_befcredit_limitmax,42
bill_bef_eachu_duplicted_count,42
bill_all_aftlowest_repay_limitsum,42
bill_all_befconsum_numsum,42
bro_all_bef_browse_num_4sum,42
bill_all_aftlast_bill_amountmean,41
bill_all_befcredit_limitmedian,41
bill_all_aftcredit_limitsum,40
bill_all_aftavail_cash_limitsum,40
bro_all_bef_browse_behaviorcount,40
bill_all_beflowest_repay_limitsum,39
bill_all_beflast_repay_amountsum,38
bill_all_befconsum_nummean,38
bank_all_bef_bank_real_transf_befmean,37
bill_all_aftbill_balancesum,36
bill_all_timeNAN_last_repay_amountstd,35
bill_all_aftavail_cash_limitmax,35
bill_all_aftlast_bill_amountsum,34
education_2,34
bill_all_aftbill_amountsum,34
bro_all_aft_dup_counts,33
bill_all_befcir_interestsum,32
bill_all_timeNAN_credit_limitstd,32
bro_all_bef_browse_num_8sum,32
bill_all_aftcredit_limitmax,32
bank_all_bef_bank_real_transf_befmedian,32
bill_all_befcir_interestmax,32
bill_all_befavail_cash_limitmax,31
bill_all_aftbill_amountmedian,31
bill_all_aftlast_repay_amountsum,31
bill_all_beflast_bill_amountsum,30
bill_all_timeNAN_lowest_repay_limitmean,29
bill_all_aftcir_intereststd,29
bill_aft_eachu_duplicted_count,29
bill_all_befavail_cash_limitmedian,28
bro_all_bef_browse_behaviormax,28
bank_all_bef_bank_real_transf_befstd,28
gender_2,28
bill_all_befcir_interestmean,28
bill_all_timeNAN_bill_balancemean,28
bank_all_aft_bank_real_transf_aftmean,27
bro_all_aft_counts,26
bill_all_aftavail_cash_limitmedian,25
bill_all_aftcredit_limitmedian,25
bill_all_timeNAN_bill_amountstd,25
bank_all_bef_bank_real_transf_befcount,25
education_4,25
bill_all_timeNAN_credit_limitmean,24
bill_all_timeNAN_lowest_repay_limitstd,24
bill_all_befadjust_amountstd,24
bill_all_timeNAN_last_bill_amountmean,24
bank_all_aft_bank_real_transf_aftmedian,23
bill_all_timeNAN_bill_balancemax,23
bill_all_timeNAN_consum_nummean,23
bill_all_timeNAN_last_bill_amountmedian,23
bill_all_timeNAN_last_repay_amountmedian,22
bill_all_timeNAN_lowest_repay_limitmedian,22
bill_all_timeNAN_bill_balancestd,22
bill_all_timeNAN_lowest_repay_limitmax,21
bill_all_timeNAN_avail_cash_limitstd,21
bill_all_aftconsum_numsum,21
bro_all_aft_browse_behaviorstd,21
bill_all_aftcir_interestmax,21
bank_all_bef_bank_real_transf_befsum,20
bill_all_timeNAN_bill_balancemedian,20
bill_all_aftconsum_nummean,20
bank_all_aft_bank_real_transf_aftstd,20
bill_all_befconsum_nummax,20
bill_all_timeNAN_avail_cash_limitsum,19
bill_all_timeNAN_bill_amountmax,19
ocupation_4,19
bill_all_aftcir_interestsum,19
bro_all_aft_browse_behaviorsum,19
bro_all_bef_browse_num_3sum,19
bill_all_timeNAN_consum_numstd,19
bank_all_aft_bank_real_transf_aftmin,18
bill_all_timeNAN_avail_cash_limitmax,18
bill_all_timeNAN_last_bill_amountstd,17
bill_all_timeNAN_bill_amountmean,17
bill_all_timeNAN_bill_amountsum,17
bill_all_aftadjust_amountsum,17
bill_all_aftcir_interestmean,16
gender_1,16
residence_1,16
bank_all_bef_bank_real_transf_befmin,16
marriage_1,16
bill_all_timeNAN_last_bill_amountmax,15
bill_all_timeNAN_last_repay_amountmean,15
bank_all_aft_bank_real_transf_aftcount,15
residence_4,15
bill_all_timeNAN_bill_amountmedian,15
bill_all_timeNAN_cir_intereststd,15
bill_all_timeNAN_last_repay_amountsum,14
bank_all_aft_bank_real_transf_aftsum,14
bill_all_timeNAN_last_repay_amountmax,14
bill_all_timeNAN_lowest_repay_limitsum,14
bank_all_aft_bank_real_transf_aftmax,13
bill_all_timeNAN_cir_interestmax,13
bill_all_timeNAN_consum_numsum,13
bill_timeNAN_eachu_duplicted_count,12
bill_all_timeNAN_credit_limitmax,12
ocupation_2,12
bill_all_befconsum_nummedian,12
bill_all_timeNAN_avail_cash_limitmean,12
bill_all_befcir_interestmedian,12
bill_all_befavail_balancemax,12
residence_2,12
bank_all_bef_bank_real_transf_befmax,12
bro_all_aft_browse_num_6sum,11
residence_3,11
marriage_2,11
bro_all_aft_browse_behaviorcount,11
bro_all_aft_browse_num_4sum,10
bill_all_timeNAN_credit_limitsum,10
bill_all_befadjust_amountmax,10
bill_all_aftadjust_amountstd,9
bill_all_timeNAN_bill_balancesum,9
bill_all_aftcir_interestmedian,9
bill_all_befadjust_amountsum,8
bro_all_aft_browse_num_1sum,8
bill_all_timeNAN_avail_cash_limitmedian,8
bill_all_aftadjust_amountmean,8
bill_all_timeNAN_last_bill_amountsum,8
bill_all_aftconsum_nummax,8
bill_all_timeNAN_credit_limitmedian,8
bill_all_befadjust_amountmean,7
bill_all_befavail_balancemean,7
bro_all_aft_browse_num_10sum,7
bro_all_aft_browse_num_8sum,7
bill_all_befavail_balancesum,7
bill_all_aftconsum_nummedian,6
bill_all_timeNAN_consum_nummedian,6
ocupation_3,6
bro_all_aft_browse_behaviormax,6
bill_all_timeNAN_cir_interestmedian,6
marriage_4,5
bro_all_aft_browse_num_5sum,5
bro_all_aft_browse_num_7sum,5
bill_all_timeNAN_cir_interestmean,5
bill_all_timeNAN_avail_balancemean,5
bill_all_timeNAN_consum_nummax,4
bill_all_timeNAN_avail_balancemax,4
bill_all_aftavail_balancemax,4
education_3,4
bill_all_timeNAN_adjust_amountstd,4
bill_all_aftadjust_amountmax,4
bill_all_befavail_balancestd,4
marriage_3,4
bill_all_timeNAN_cir_interestsum,3
bill_all_timeNAN_avail_balancesum,3
bank_all_aft_income_signsum,3
bank_all_bef_income_signsum,3
bill_all_aftavail_balancestd,3
bill_all_timeNAN_adjust_amountsum,2
bro_all_aft_browse_num_3sum,2
bill_all_timeNAN_adjust_amountmax,1
bill_all_timeNAN_avail_balancemedian,1
bill_all_timeNAN_avail_balancestd,1
bill_all_aftavail_balancemean,1
bill_all_aftavail_balancesum,1
bill_all_befadjust_amountmedian,1
