,f_score
dup_counts_time,854
grant_bh_diff_bef,746
bl_bill_diff_repay_amountmean,570
bl_lowest_repay_limitmax,499
bl_bill_diff_repay_amountmax,496
bl_grant_diff_bill_timemean,477
bl_credit_limit_diff_bill_balancemin,469
bl_grant_diff_bill_timemin,442
bl_lowest_repay_limitmean,426
bl_bill_diff_repay_amountstd,422
bh_time_max_diff,418
bl_credit_limit_diff_last_bill_amomean,400
bl_credit_limit_diff_last_bill_amomin,387
bl_credit_limit_diff_bill_balancemean,383
bl_bill_balancemax,377
total_counts_bef,377
bl_credit_limit_diff_bill_balancemax,375
bl_grant_diff_bill_timestd,370
bl_credit_limit_diff_bill_amomean,356
bl_bill_diff_repay_amountmin,355
bl_bill_amountmean,348
bl_credit_limit_diff_bill_amomin,336
bl_bill_balancemean,335
bl_bill_balancemin,320
bl_avail_cash_limitmean,307
bl_bill_amountmax,294
bl_lowest_repay_limitstd,294
bl_grant_diff_bill_timemax,292
bl_last_bill_amountmean,291
bl_lowest_repay_limitmin,291
bl_bill_amountstd,287
bl_last_bill_amountmax,284
bill_counts,283
bl_credit_limit_diff_bill_amomax,280
bl_credit_limit_diff_bill_amostd,280
bl_credit_limit_diff_last_bill_amostd,275
bl_consum_nummean,274
bl_credit_limit_diff_bill_balancestd,273
bl_bill_amo_div_consum_nummax,273
bl_credit_limitmean,254
dup_bill_counts_bef,254
bl_consum_numstd,250
bank_diff_rev_exped,243
bl_credit_limit_diff_last_bill_amomax,242
bl_bill_balancestd,241
bl_bill_amo_div_consum_numstd,240
bank_expenditure,228
bl_avail_cash_limitmax,221
bl_last_bill_amountstd,220
browse_num_5,219
gender_0,219
bank_revenue,212
behavior_total_counts,208
bl_avail_cash_limitstd,191
browse_behavior_110,190
bl_credit_limitstd,188
bl_bill_amo_div_consum_nummean,186
browse_behavior_101,156
bl_credit_limitmax,154
bl_bill_amountmin,154
browse_num_1,140
bl_bill_diff_repay_amountvar,125
bl_last_bill_amountmin,125
browse_behavior_82,119
browse_behavior_118,118
browse_num_7,113
browse_num_8,111
education_4,110
bl_grant_diff_bill_timevar,110
browse_num_4,105
bl_credit_limitmin,100
browse_num_10,97
browse_behavior_189,92
browse_behavior_173,92
browse_behavior_35,91
bl_bill_amountvar,90
browse_behavior_167,88
browse_behavior_44,85
bl_consum_numvar,84
gender_2,80
bl_credit_limit_diff_bill_amovar,78
browse_behavior_41,76
bl_credit_limit_diff_last_bill_amovar,76
bl_avail_cash_limitvar,74
education_3,73
bank_income,73
education_2,72
browse_behavior_120,71
browse_num_6,71
marriage_3,70
residence_4,70
bl_credit_limit_diff_bill_balancevar,69
bl_bill_balancevar,69
bl_avail_cash_limitmin,68
marriage_1,66
bl_bill_amo_div_consum_numvar,66
bl_lowest_repay_limitvar,66
browse_behavior_31,64
residence_2,63
bl_consum_nummax,62
ocupation_2,61
bl_last_bill_amountvar,59
browse_num_3,58
browse_behavior_213,57
browse_behavior_210,56
browse_behavior_80,55
residence_1,55
browse_behavior_190,53
bl_credit_limitvar,52
browse_behavior_28,48
browse_behavior_155,46
ocupation_4,45
browse_behavior_45,43
browse_behavior_201,40
browse_behavior_50,39
residence_3,38
browse_behavior_161,36
browse_behavior_90,35
browse_behavior_164,33
browse_behavior_104,33
browse_behavior_53,33
bill_bank_card_num,31
browse_behavior_163,28
gender_1,28
browse_behavior_139,28
browse_behavior_1000,26
marriage_2,26
bl_bill_amo_div_consum_nummin,25
browse_behavior_38,23
browse_behavior_23,22
browse_behavior_1500,22
browse_behavior_188,22
browse_behavior_57,20
browse_behavior_180,19
browse_behavior_20,17
browse_behavior_15,16
browse_behavior_2000,14
browse_behavior_75,13
browse_behavior_162,12
browse_behavior_109,12
ocupation_3,12
browse_behavior_133,12
browse_behavior_25,12
browse_behavior_157,11
bl_consum_nummin,10
browse_behavior_56,9
browse_behavior_89,9
browse_behavior_119,8
browse_behavior_148,8
browse_behavior_76,7
browse_behavior_51,6
browse_behavior_194,5
browse_behavior_91,5
browse_behavior_200,5
education_0,4
browse_behavior_55,3
browse_behavior_6,3
browse_behavior_13,3
browse_behavior_195,2
browse_behavior_36,2
browse_behavior_60,2
residence_0,2
browse_behavior_106,2
marriage_0,1
marriage_4,1
ocupation_0,1
browse_behavior_107,1
browse_behavior_103,1
browse_behavior_7,1
