,f_score
bro_bef_counts,1432
b_num_bef_1,1265
b_num_bef_5,1051
b_num_bef_4,741
b_num_bef_8,699
bh_bef_189,622
b_num_bef_7,598
bh_bef_110,594
b_num_bef_6,588
bh_bef_101,561
b_num_bef_10,537
bh_bef_35,519
bh_bef_167,469
bh_bef_44,462
bh_bef_118,413
bh_bef_201,389
bh_bef_213,357
bh_bef_120,355
bh_bef_190,344
bh_bef_82,344
bh_bef_173,342
b_num_bef_3,320
bh_bef_41,307
bh_bef_155,298
bh_bef_45,246
bh_bef_90,233
bh_bef_31,224
bh_bef_161,211
bh_bef_28,208
bh_bef_80,200
bh_bef_109,199
bh_bef_164,186
bh_bef_162,180
bh_bef_210,180
bh_bef_163,179
bh_bef_139,177
bh_bef_50,163
bh_bef_20,160
bh_bef_53,154
bh_bef_104,137
bh_bef_157,129
bh_bef_57,125
bh_bef_76,124
bh_bef_38,121
bh_bef_200,119
bh_bef_51,107
bh_bef_188,99
bh_bef_56,97
bh_bef_15,90
bh_bef_23,87
bh_bef_25,85
bh_bef_180,84
bh_bef_148,79
bh_bef_91,76
bh_bef_13,69
bh_bef_119,64
bh_bef_86,61
bh_bef_194,60
bh_bef_75,56
bh_bef_6,56
bh_bef_88,53
bh_bef_107,50
bh_bef_133,45
bh_bef_89,39
bh_bef_144,35
bh_bef_34,33
bh_bef_36,31
bh_bef_96,30
bh_bef_12,30
bh_bef_60,29
bh_bef_105,28
bh_bef_55,25
bh_bef_193,24
bh_bef_106,22
bh_bef_7,18
bh_bef_146,14
bh_bef_10,13
bh_bef_103,13
b_num_bef_9,12
bh_bef_143,9
bh_bef_97,9
bh_bef_108,9
bh_bef_59,9
bh_bef_195,6
bh_bef_151,6
bh_bef_207,6
bh_bef_11,5
bh_bef_197,5
bh_bef_62,4
bh_bef_178,4
bh_bef_77,4
bh_bef_202,4
bh_bef_191,2
bh_bef_149,2
bh_bef_42,2
bh_bef_64,1
bh_bef_33,1
bh_bef_150,1
bh_bef_208,1
bh_bef_130,1
bh_bef_39,1
