,f_score
grant_bh_diff_bef,1828
dup_counts_time,1404
bh_time_max_diff,1227
total_counts_bef,1159
behavior_total_counts,634
browse_num_5,553
browse_num_1,532
browse_behavior_110,380
browse_num_8,362
browse_num_7,334
gender_0,312
browse_num_10,300
browse_behavior_101,293
browse_behavior_118,283
browse_behavior_82,280
browse_num_4,278
browse_behavior_189,274
browse_behavior_35,256
education_4,247
browse_behavior_44,242
browse_behavior_167,240
browse_num_6,232
browse_behavior_173,212
marriage_1,199
ocupation_2,196
browse_behavior_120,189
marriage_3,187
browse_behavior_201,186
residence_1,184
residence_2,182
browse_behavior_155,182
residence_4,179
browse_behavior_190,174
ocupation_4,165
education_3,161
browse_behavior_31,149
browse_behavior_80,147
gender_2,145
browse_behavior_213,144
browse_behavior_41,131
browse_num_3,129
education_2,124
browse_behavior_161,120
browse_behavior_45,117
browse_behavior_50,106
browse_behavior_1000,103
browse_behavior_210,103
browse_behavior_163,102
residence_3,100
browse_behavior_28,100
browse_behavior_1500,97
gender_1,96
browse_behavior_90,93
marriage_2,82
browse_behavior_53,82
browse_behavior_109,80
browse_behavior_139,80
browse_behavior_164,79
ocupation_3,76
browse_behavior_104,67
browse_behavior_38,67
browse_behavior_20,64
browse_behavior_57,64
browse_behavior_188,62
browse_behavior_180,55
browse_behavior_162,55
browse_behavior_157,52
browse_behavior_76,51
browse_behavior_23,48
browse_behavior_2000,45
browse_behavior_200,44
browse_behavior_75,43
browse_behavior_15,42
browse_behavior_13,40
browse_behavior_25,34
browse_behavior_91,29
browse_behavior_51,28
browse_behavior_133,27
browse_behavior_56,26
browse_behavior_148,19
browse_behavior_6,17
browse_behavior_89,15
marriage_4,15
browse_behavior_107,15
browse_behavior_34,14
education_0,14
browse_behavior_194,14
browse_behavior_119,13
browse_behavior_60,12
browse_behavior_106,11
browse_behavior_7,10
browse_behavior_193,9
browse_behavior_105,7
browse_behavior_55,6
browse_behavior_36,6
browse_behavior_103,5
residence_0,4
marriage_0,3
browse_behavior_195,3
