feature_name,lgbm_score
bill_bank_card_num,7
bl_last_bill_amountmean,28
bl_credit_limitmean,23
bl_bill_balancemean,29
bl_lowest_repay_limitmean,25
bl_consum_nummean,26
bl_bill_amountmean,27
bl_avail_cash_limitmean,41
bl_bill_diff_repay_amountmean,88
bl_credit_limit_diff_last_bill_amomean,40
bl_credit_limit_diff_bill_amomean,40
bl_credit_limit_diff_bill_balancemean,19
bl_bill_amo_div_consum_nummean,24
bl_grant_diff_bill_timemean,64
bl_last_bill_amountmax,41
bl_credit_limitmax,24
bl_bill_balancemax,37
bl_lowest_repay_limitmax,43
bl_consum_nummax,3
bl_bill_amountmax,21
bl_avail_cash_limitmax,44
bl_bill_diff_repay_amountmax,99
bl_credit_limit_diff_last_bill_amomax,15
bl_credit_limit_diff_bill_amomax,21
bl_credit_limit_diff_bill_balancemax,38
bl_bill_amo_div_consum_nummax,31
bl_grant_diff_bill_timemax,40
bl_last_bill_amountstd,15
bl_credit_limitstd,7
bl_bill_balancestd,15
bl_lowest_repay_limitstd,29
bl_consum_numstd,21
bl_bill_amountstd,26
bl_avail_cash_limitstd,21
bl_bill_diff_repay_amountstd,54
bl_credit_limit_diff_last_bill_amostd,16
bl_credit_limit_diff_bill_amostd,22
bl_credit_limit_diff_bill_balancestd,30
bl_bill_amo_div_consum_numstd,43
bl_grant_diff_bill_timestd,43
bl_last_bill_amountvar,5
bl_credit_limitvar,6
bl_bill_balancevar,6
bl_lowest_repay_limitvar,9
bl_consum_numvar,8
bl_bill_amountvar,6
bl_avail_cash_limitvar,5
bl_bill_diff_repay_amountvar,21
bl_credit_limit_diff_last_bill_amovar,5
bl_credit_limit_diff_bill_amovar,10
bl_credit_limit_diff_bill_balancevar,0
bl_bill_amo_div_consum_numvar,5
bl_grant_diff_bill_timevar,28
bl_last_bill_amountmin,13
bl_credit_limitmin,19
bl_bill_balancemin,39
bl_lowest_repay_limitmin,24
bl_consum_nummin,0
bl_bill_amountmin,9
bl_avail_cash_limitmin,10
bl_bill_diff_repay_amountmin,39
bl_credit_limit_diff_last_bill_amomin,46
bl_credit_limit_diff_bill_amomin,26
bl_credit_limit_diff_bill_balancemin,71
bl_bill_amo_div_consum_nummin,0
bl_grant_diff_bill_timemin,109
dup_bill_counts_bef,107
bill_counts,67
browse_behavior_6,5
browse_behavior_7,0
browse_behavior_13,1
browse_behavior_15,1
browse_behavior_20,5
browse_behavior_23,2
browse_behavior_25,1
browse_behavior_28,6
browse_behavior_31,3
browse_behavior_34,0
browse_behavior_35,8
browse_behavior_36,0
browse_behavior_38,5
browse_behavior_41,3
browse_behavior_44,8
browse_behavior_45,7
browse_behavior_50,2
browse_behavior_51,1
browse_behavior_53,3
browse_behavior_55,1
browse_behavior_56,1
browse_behavior_57,0
browse_behavior_60,2
browse_behavior_75,11
browse_behavior_76,2
browse_behavior_80,7
browse_behavior_82,27
browse_behavior_89,1
browse_behavior_90,3
browse_behavior_91,2
browse_behavior_101,23
browse_behavior_103,0
browse_behavior_104,2
browse_behavior_105,0
browse_behavior_106,0
browse_behavior_107,0
browse_behavior_109,0
browse_behavior_110,34
browse_behavior_118,27
browse_behavior_119,3
browse_behavior_120,6
browse_behavior_133,1
browse_behavior_139,3
browse_behavior_148,1
browse_behavior_155,4
browse_behavior_157,2
browse_behavior_161,4
browse_behavior_162,0
browse_behavior_163,1
browse_behavior_164,6
browse_behavior_167,11
browse_behavior_173,12
browse_behavior_180,3
browse_behavior_188,2
browse_behavior_189,10
browse_behavior_190,6
browse_behavior_193,0
browse_behavior_194,0
browse_behavior_195,2
browse_behavior_200,4
browse_behavior_201,9
browse_behavior_210,1
browse_behavior_213,4
browse_behavior_1000,3
browse_behavior_1500,1
browse_num_1,14
browse_num_3,1
browse_num_4,11
browse_num_5,17
browse_num_6,5
browse_num_7,17
browse_num_8,14
browse_num_10,6
browse_behavior_2000,2
behavior_total_counts,24
bh_time_max_diff,69
grant_bh_diff_bef,108
has_record,0
total_counts_bef,35
dup_counts_time,220
gender_0,62
gender_1,4
gender_2,28
ocupation_0,0
ocupation_2,0
ocupation_3,1
ocupation_4,1
education_0,0
education_2,26
education_3,0
education_4,24
marriage_0,1
marriage_1,4
marriage_2,2
marriage_3,0
marriage_4,2
residence_0,0
residence_1,2
residence_2,6
residence_3,3
residence_4,4
bank_expenditure,25
bank_revenue,32
bank_income,13
bank_diff_rev_exped,41
