feature_name,RF_score
dup_counts_time,0.3348264194299819
grant_bh_diff_bef,0.07165053809035529
gender_0,0.050907046418024314
bl_bill_diff_repay_amountmean,0.030173313279807556
dup_bill_counts_bef,0.028936692179930664
bl_grant_diff_bill_timemin,0.02757790170100494
total_counts_bef,0.020009715382166542
bh_time_max_diff,0.014560409599145058
bl_bill_diff_repay_amountmax,0.01204767976454394
browse_num_1,0.00942028096053782
browse_behavior_118,0.008952492316408666
bl_grant_diff_bill_timemean,0.008574290180731338
bl_bill_diff_repay_amountstd,0.008265567486161203
behavior_total_counts,0.008126177227931535
bill_counts,0.007868213868125697
bl_credit_limit_diff_last_bill_amomean,0.007729785561154092
bl_credit_limit_diff_bill_balancemin,0.0077019240474866975
bl_bill_diff_repay_amountvar,0.00747611114390871
bank_diff_rev_exped,0.007381326278890315
bank_revenue,0.007168350262574538
bl_credit_limit_diff_last_bill_amomin,0.007067702186368988
bl_bill_amountmean,0.007051694594435161
bl_credit_limit_diff_bill_balancemax,0.007048000950507745
bl_credit_limit_diff_bill_balancemean,0.006700093113179429
bl_last_bill_amountmean,0.006690457044441946
bl_bill_amo_div_consum_nummax,0.006451692239297819
bl_lowest_repay_limitmax,0.006450502159690358
bl_bill_diff_repay_amountmin,0.006402205731560544
bl_bill_balancemean,0.006376763497030912
bl_bill_balancemax,0.006325067412822817
bl_avail_cash_limitmean,0.006262458608819285
bl_avail_cash_limitmax,0.006012948885624818
bank_expenditure,0.005982905144318684
bl_bill_amountmax,0.00588176347619113
bl_credit_limit_diff_bill_amomax,0.005834479853636187
bl_credit_limit_diff_bill_amomean,0.005813109966399435
browse_num_7,0.005599476299374836
bl_grant_diff_bill_timemax,0.005590015499712764
bl_lowest_repay_limitmean,0.005517978967392778
education_4,0.005486293805645127
bl_last_bill_amountmax,0.005246342681519225
bl_credit_limit_diff_bill_amomin,0.005133320150512372
bl_credit_limitmean,0.004949588412105029
bl_grant_diff_bill_timestd,0.0047572238605153435
bl_grant_diff_bill_timevar,0.0046986444570373586
bl_lowest_repay_limitmin,0.004590304669721092
bl_credit_limit_diff_last_bill_amomax,0.0041945082107429825
bl_lowest_repay_limitstd,0.004190233398250845
bl_consum_numvar,0.004145077306573509
bl_bill_balancemin,0.004107359545458499
browse_behavior_110,0.0040914588647426395
bl_consum_nummean,0.0040208477751530695
bl_lowest_repay_limitvar,0.003967808181199104
browse_behavior_101,0.003929301017125786
bl_bill_amo_div_consum_nummean,0.003823234720772452
bl_credit_limit_diff_bill_amostd,0.0037378156847425654
bl_bill_amountstd,0.003604026637271491
bl_credit_limitmax,0.0035627322557510257
browse_num_5,0.0035326755755483467
bl_credit_limit_diff_bill_balancestd,0.003496480089622862
bl_credit_limit_diff_last_bill_amovar,0.003398756086130618
bl_last_bill_amountvar,0.0033008418496580697
bl_consum_numstd,0.0031779200417719825
browse_behavior_173,0.003143556978705173
bl_bill_balancevar,0.003129918002134416
bl_bill_balancestd,0.0030626375114415744
bl_credit_limit_diff_last_bill_amostd,0.0029825303156706903
residence_4,0.0028688484858886793
bl_bill_amountvar,0.0028537411989486582
bl_avail_cash_limitstd,0.0028338188383419238
browse_behavior_45,0.0027765340239971257
bl_credit_limit_diff_bill_amovar,0.0027602371097406775
bl_credit_limitstd,0.0026981005049103875
bl_last_bill_amountstd,0.0026736653014059475
bl_bill_amo_div_consum_numvar,0.0025948189472617786
bl_bill_amo_div_consum_numstd,0.002546840673494875
browse_num_8,0.0025354248202320035
bl_credit_limitvar,0.0024467551347879374
bl_credit_limit_diff_bill_balancevar,0.0024351957770233582
browse_num_10,0.002434135258838824
bl_avail_cash_limitvar,0.002237343947794296
browse_num_4,0.00219832136289004
browse_behavior_82,0.0020916789591460348
bl_last_bill_amountmin,0.002020389023894413
bl_bill_amountmin,0.0020067555865346588
browse_num_6,0.001848500896885438
browse_behavior_120,0.0018122314785988182
marriage_1,0.0017417449222021084
browse_behavior_20,0.0016473924134446545
bill_bank_card_num,0.0015869078387719298
bl_credit_limitmin,0.001531787876192333
browse_behavior_35,0.0015031953183542604
bl_consum_nummax,0.0014920124291125316
education_3,0.0013875679767255478
gender_2,0.0013769621839201146
browse_behavior_189,0.0013750139379400403
browse_behavior_50,0.0013431577455871556
browse_behavior_190,0.001332973625156559
browse_behavior_167,0.00124522815235315
marriage_3,0.0011693031160587277
residence_1,0.0011291357387344992
ocupation_4,0.0010426607038881792
education_2,0.000997510649592789
bank_income,0.0009831971403072523
browse_behavior_139,0.0009658142923692321
browse_behavior_1000,0.0009300597647387966
browse_behavior_44,0.0009162380813308777
bl_avail_cash_limitmin,0.0008956972208792622
ocupation_2,0.0008765628165074881
browse_behavior_213,0.0008650805482496164
residence_2,0.0008494960018142659
browse_behavior_38,0.000691058149933978
browse_behavior_31,0.0006862679290666341
browse_behavior_155,0.0006711091143348007
browse_behavior_90,0.0006459103366858711
gender_1,0.0006199272533049395
browse_behavior_80,0.0006029387663302552
ocupation_3,0.000582702258004747
browse_behavior_41,0.0005615167955875727
browse_behavior_53,0.0005411061127442445
browse_behavior_201,0.0004777769729505551
browse_behavior_57,0.00047663762550898713
marriage_2,0.00046638424140781586
residence_3,0.00043169014645032326
bl_consum_nummin,0.00038171711101935653
browse_behavior_164,0.00037013250115180057
browse_behavior_161,0.0002967492811672199
browse_behavior_28,0.0002881436814469224
browse_behavior_104,0.00028580651630246996
browse_num_3,0.00028401458559678403
browse_behavior_162,0.00023751962623157232
browse_behavior_200,0.00023615407999884365
browse_behavior_163,0.00022748619354277203
browse_behavior_51,0.00019748301525283646
browse_behavior_23,0.00018938696712592984
browse_behavior_2000,0.0001701324601239246
browse_behavior_188,0.00016314913152841941
browse_behavior_148,0.00013383752702576365
browse_behavior_76,0.00012647173513510298
browse_behavior_75,0.00012319734389459996
browse_behavior_25,0.0001220142703146136
bl_bill_amo_div_consum_nummin,0.0001152275038848352
residence_0,0.00011380382418553463
browse_behavior_105,0.00010618703431762802
browse_behavior_194,9.981057332565663e-05
browse_behavior_13,8.473947107616078e-05
browse_behavior_210,7.907737775579376e-05
browse_behavior_6,7.705673440197072e-05
browse_behavior_180,6.828274077064766e-05
browse_behavior_36,4.219340458646243e-05
browse_behavior_34,3.504196845378374e-05
browse_behavior_109,2.9264924660159983e-05
browse_behavior_157,2.4789626952152662e-05
browse_behavior_1500,2.447549430722555e-05
browse_behavior_55,2.2909068326829018e-05
browse_behavior_195,1.567442060010168e-05
browse_behavior_133,1.3846723109016835e-05
browse_behavior_106,1.1789219399881553e-05
browse_behavior_103,1.1176826023665578e-05
browse_behavior_91,3.204614645803258e-06
browse_behavior_193,0.0
browse_behavior_89,0.0
browse_behavior_56,0.0
browse_behavior_119,0.0
marriage_4,0.0
browse_behavior_7,0.0
marriage_0,0.0
browse_behavior_15,0.0
has_record,0.0
education_0,0.0
browse_behavior_107,0.0
ocupation_0,0.0
browse_behavior_60,0.0
