feature_name,xgb_score
bill_bank_card_num,0.003605047008022666
bl_last_bill_amountmean,0.013418786227703094
bl_credit_limitmean,0.009012618102133274
bl_bill_balancemean,0.010414580814540386
bl_lowest_repay_limitmean,0.009813738986849785
bl_consum_nummean,0.010815140791237354
bl_bill_amountmean,0.012217103503644466
bl_avail_cash_limitmean,0.015621870756149292
bl_bill_diff_repay_amountmean,0.027638694271445274
bl_credit_limit_diff_last_bill_amomean,0.016422992572188377
bl_credit_limit_diff_bill_amomean,0.010214299894869328
bl_credit_limit_diff_bill_balancemean,0.0096134589985013
bl_bill_amo_div_consum_nummean,0.008411776274442673
bl_grant_diff_bill_timemean,0.018225515261292458
bl_last_bill_amountmax,0.009212898090481758
bl_credit_limitmax,0.004606449045240879
bl_bill_balancemax,0.013819347135722637
bl_lowest_repay_limitmax,0.014820748940110207
bl_consum_nummax,0.0014019627124071121
bl_bill_amountmax,0.009012618102133274
bl_avail_cash_limitmax,0.010414580814540386
bl_bill_diff_repay_amountmax,0.026236731559038162
bl_credit_limit_diff_last_bill_amomax,0.00580813130363822
bl_credit_limit_diff_bill_amomax,0.009012618102133274
bl_credit_limit_diff_bill_balancemax,0.01421990804374218
bl_bill_amo_div_consum_nummax,0.01522130984812975
bl_grant_diff_bill_timemax,0.01321850623935461
bl_last_bill_amountstd,0.006809533573687077
bl_credit_limitstd,0.004606449045240879
bl_bill_balancestd,0.008612057194113731
bl_lowest_repay_limitstd,0.009413178078830242
bl_consum_numstd,0.009813738986849785
bl_bill_amountstd,0.011816543526947498
bl_avail_cash_limitstd,0.008411776274442673
bl_bill_diff_repay_amountstd,0.01982775889337063
bl_credit_limit_diff_last_bill_amostd,0.0096134589985013
bl_credit_limit_diff_bill_amostd,0.009012618102133274
bl_credit_limit_diff_bill_balancestd,0.011415982618927956
bl_bill_amo_div_consum_numstd,0.014420188032090664
bl_grant_diff_bill_timestd,0.020228318870067596
bl_last_bill_amountvar,0.0
bl_credit_limitvar,0.0
bl_bill_balancevar,0.0
bl_lowest_repay_limitvar,0.0
bl_consum_numvar,0.0
bl_bill_amountvar,0.0
bl_avail_cash_limitvar,0.0
bl_bill_diff_repay_amountvar,0.0
bl_credit_limit_diff_last_bill_amovar,0.0
bl_credit_limit_diff_bill_amovar,0.0
bl_credit_limit_diff_bill_balancevar,0.0
bl_bill_amo_div_consum_numvar,0.0
bl_grant_diff_bill_timevar,0.0
bl_last_bill_amountmin,0.0030042058788239956
bl_credit_limitmin,0.00480672949925065
bl_bill_balancemin,0.008612057194113731
bl_lowest_repay_limitmin,0.0096134589985013
bl_consum_nummin,0.0
bl_bill_amountmin,0.004205888137221336
bl_avail_cash_limitmin,0.003204486332833767
bl_bill_diff_repay_amountmin,0.015021029859781265
bl_credit_limit_diff_last_bill_amomin,0.012417384423315525
bl_credit_limit_diff_bill_amomin,0.013018225319683552
bl_credit_limit_diff_bill_balancemin,0.024233927950263023
bl_bill_amo_div_consum_nummin,0.00040056079160422087
bl_grant_diff_bill_timemin,0.027238134294748306
dup_bill_counts_bef,0.02463448792695999
bill_counts,0.014420188032090664
browse_behavior_6,0.0006008411874063313
browse_behavior_7,0.0
browse_behavior_13,0.002403364749625325
browse_behavior_15,0.0
browse_behavior_20,0.00040056079160422087
browse_behavior_23,0.00040056079160422087
browse_behavior_25,0.0
browse_behavior_28,0.002203084295615554
browse_behavior_31,0.0028039254248142242
browse_behavior_34,0.00040056079160422087
browse_behavior_35,0.0034047667868435383
browse_behavior_36,0.0
browse_behavior_38,0.00040056079160422087
browse_behavior_41,0.0010014019208028913
browse_behavior_44,0.003605047008022666
browse_behavior_45,0.0020028038416057825
browse_behavior_50,0.001802523504011333
browse_behavior_51,0.00020028039580211043
browse_behavior_53,0.0014019627124071121
browse_behavior_55,0.00040056079160422087
browse_behavior_56,0.0010014019208028913
browse_behavior_57,0.0006008411874063313
browse_behavior_60,0.0008011215832084417
browse_behavior_75,0.0030042058788239956
browse_behavior_76,0.0016022431664168835
browse_behavior_80,0.003204486332833767
browse_behavior_82,0.007410374470055103
browse_behavior_89,0.00020028039580211043
browse_behavior_90,0.00040056079160422087
browse_behavior_91,0.0010014019208028913
browse_behavior_101,0.0056078508496284485
browse_behavior_103,0.0
browse_behavior_104,0.0010014019208028913
browse_behavior_105,0.00020028039580211043
browse_behavior_106,0.00040056079160422087
browse_behavior_107,0.00020028039580211043
browse_behavior_109,0.0006008411874063313
browse_behavior_110,0.008211496286094189
browse_behavior_118,0.010014019906520844
browse_behavior_119,0.00040056079160422087
browse_behavior_120,0.002403364749625325
browse_behavior_133,0.0008011215832084417
browse_behavior_139,0.0012016823748126626
browse_behavior_148,0.00040056079160422087
browse_behavior_155,0.002403364749625325
browse_behavior_157,0.0006008411874063313
browse_behavior_161,0.0026036452036350965
browse_behavior_162,0.0006008411874063313
browse_behavior_163,0.0006008411874063313
browse_behavior_164,0.0
browse_behavior_167,0.003605047008022666
browse_behavior_173,0.007210094016045332
browse_behavior_180,0.002203084295615554
browse_behavior_188,0.0008011215832084417
browse_behavior_189,0.004606449045240879
browse_behavior_190,0.0006008411874063313
browse_behavior_193,0.0
browse_behavior_194,0.0
browse_behavior_195,0.00020028039580211043
browse_behavior_200,0.0008011215832084417
browse_behavior_201,0.004406168591231108
browse_behavior_210,0.003605047008022666
browse_behavior_213,0.0012016823748126626
browse_behavior_1000,0.003605047008022666
browse_behavior_1500,0.0020028038416057825
browse_num_1,0.003204486332833767
browse_num_3,0.0008011215832084417
browse_num_4,0.0014019627124071121
browse_num_5,0.007410374470055103
browse_num_6,0.0026036452036350965
browse_num_7,0.005407570395618677
browse_num_8,0.004205888137221336
browse_num_10,0.003605047008022666
browse_behavior_2000,0.0010014019208028913
behavior_total_counts,0.005207290407270193
bh_time_max_diff,0.018425796180963516
grant_bh_diff_bef,0.03244542330503464
has_record,0.0
total_counts_bef,0.007810935378074646
dup_counts_time,0.06388944387435913
gender_0,0.022231124341487885
gender_1,0.0012016823748126626
gender_2,0.006408972665667534
ocupation_0,0.0
ocupation_2,0.0016022431664168835
ocupation_3,0.0006008411874063313
ocupation_4,0.0010014019208028913
education_0,0.0
education_2,0.00580813130363822
education_3,0.0010014019208028913
education_4,0.00580813130363822
marriage_0,0.0
marriage_1,0.0026036452036350965
marriage_2,0.002403364749625325
marriage_3,0.0008011215832084417
marriage_4,0.0016022431664168835
residence_0,0.0
residence_1,0.002403364749625325
residence_2,0.0020028038416057825
residence_3,0.0012016823748126626
residence_4,0.003605047008022666
bank_expenditure,0.007009813562035561
bank_revenue,0.007810935378074646
bank_income,0.005207290407270193
bank_diff_rev_exped,0.01321850623935461
